month,cpi,headline_inflation_yoy_pct,source
2024-01,138.15,6.9,KNBS Consumer Price Index / Inflation reports; 2026 Economic Survey
2024-02,138.34,6.3,KNBS Consumer Price Index / Inflation reports; 2026 Economic Survey
2024-03,138.66,5.7,KNBS Consumer Price Index / Inflation reports; 2026 Economic Survey
2024-04,138.4,5.0,KNBS Consumer Price Index / Inflation reports; 2026 Economic Survey
2024-05,139.64,5.0,KNBS Consumer Price Index / Inflation reports; 2026 Economic Survey
2024-06,140.23,4.6,KNBS Consumer Price Index / Inflation reports; 2026 Economic Survey
2024-07,139.94,4.3,KNBS Consumer Price Index / Inflation reports; 2026 Economic Survey
2024-08,139.87,4.4,KNBS Consumer Price Index / Inflation reports; 2026 Economic Survey
2024-09,140.13,3.6,KNBS Consumer Price Index / Inflation reports; 2026 Economic Survey
2024-10,140.44,2.7,KNBS Consumer Price Index / Inflation reports; 2026 Economic Survey
2024-11,140.81,2.8,KNBS Consumer Price Index / Inflation reports; 2026 Economic Survey
2024-12,141.66,3.0,KNBS Consumer Price Index / Inflation reports; 2026 Economic Survey
2025-01,142.68,3.3,KNBS Consumer Price Index / Inflation reports; 2026 Economic Survey
2025-02,143.12,3.5,KNBS Consumer Price Index / Inflation reports; 2026 Economic Survey
2025-03,143.69,3.6,KNBS Consumer Price Index / Inflation reports; 2026 Economic Survey
2025-04,144.09,4.1,KNBS Consumer Price Index / Inflation reports; 2026 Economic Survey
2025-05,144.88,3.8,KNBS Consumer Price Index / Inflation reports; 2026 Economic Survey
2025-06,145.58,3.8,KNBS Consumer Price Index / Inflation reports; 2026 Economic Survey
2025-07,145.74,4.1,KNBS Consumer Price Index / Inflation reports; 2026 Economic Survey
2025-08,146.21,4.5,KNBS Consumer Price Index / Inflation reports; 2026 Economic Survey
2025-09,146.56,4.6,KNBS Consumer Price Index / Inflation reports; 2026 Economic Survey
2025-10,146.84,4.6,KNBS Consumer Price Index / Inflation reports; 2026 Economic Survey
2025-11,147.08,4.5,KNBS Consumer Price Index / Inflation reports; 2026 Economic Survey
2025-12,148.02,4.5,KNBS Consumer Price Index / Inflation reports; 2026 Economic Survey
2026-01,148.96,4.4,KNBS Consumer Price Index / Inflation reports; 2026 Economic Survey
2026-02,149.2,4.3,KNBS Consumer Price Index / Inflation reports; 2026 Economic Survey
2026-03,150.0,4.4,KNBS Consumer Price Index / Inflation reports; 2026 Economic Survey
2026-04,152.15,5.6,KNBS Consumer Price Index / Inflation reports; 2026 Economic Survey
2026-05,154.56,6.7,KNBS Consumer Price Index / Inflation reports; 2026 Economic Survey
2026-06,154.91,6.4,KNBS Consumer Price Index / Inflation reports; 2026 Economic Survey
2026-07,155.2,6.5,KNBS Consumer Price Index / Inflation reports; 2026 Economic Survey
2026-08,155.85,6.6,KNBS Consumer Price Index / Inflation reports; 2026 Economic Survey
2026-09,156.47,6.8,KNBS Consumer Price Index / Inflation reports; 2026 Economic Survey
