date,revenue_kes,transaction_count,avg_transaction_kes,median_transaction_kes,std_transaction_kes,max_transaction_kes,unique_customers,active_day,day_of_week,weekday,month,quarter,year
2024-01-01,1393.4,4.0,348.35,397.8,98.9,397.8,4.0,1,0,Monday,1,1,2024
2024-01-02,4276.35,7.0,610.907142857143,397.8,336.902056029854,1193.4,7.0,1,1,Tuesday,1,1,2024
2024-01-03,5768.1,8.0,721.0125,596.7,410.9033860636481,1591.2,8.0,1,2,Wednesday,1,1,2024
2024-01-04,1393.4,4.0,348.35,397.8,98.9,397.8,4.0,1,3,Thursday,1,1,2024
2024-01-05,3681.85,10.0,368.185,397.8,93.90864369753783,497.25,10.0,1,4,Friday,1,1,2024
2024-01-06,6167.55,9.0,685.2833333333333,397.8,582.7758595721,1989.0,9.0,1,5,Saturday,1,1,2024
2024-01-07,8457.65,15.0,563.8433333333334,397.8,487.93466624519465,1889.55,15.0,1,6,Sunday,1,1,2024
2024-01-08,6267.55,15.0,417.8366666666667,397.8,184.72567737310473,994.5,15.0,1,0,Monday,1,1,2024
2024-01-09,4405.0599999999995,8.0,550.6324999999999,298.9,440.75263716089745,1193.4,8.0,1,1,Tuesday,1,1,2024
2024-01-10,4375.8,7.0,625.1142857142858,497.25,328.4073597356969,1193.4,7.0,1,2,Wednesday,1,1,2024
2024-01-11,895.05,2.0,447.525,447.525,70.32176938900216,497.25,2.0,1,3,Thursday,1,1,2024
2024-01-12,3878.55,8.0,484.81875,397.8,288.4172472769022,1193.4,8.0,1,4,Friday,1,1,2024
2024-01-13,5769.200000000001,10.0,576.9200000000001,397.8,323.9826137310458,1093.95,10.0,1,5,Saturday,1,1,2024
2024-01-14,4176.9,4.0,1044.225,795.6,728.5462013489604,2088.45,4.0,1,6,Sunday,1,1,2024
2024-01-15,6466.45,10.0,646.645,397.8,471.5010406787149,1491.75,10.0,1,0,Monday,1,1,2024
2024-01-16,4874.15,10.0,487.41499999999996,397.8,249.9166105924134,994.5,10.0,1,1,Tuesday,1,1,2024
2024-01-17,2983.5,4.0,745.875,447.525,631.5923269799911,1690.65,4.0,1,2,Wednesday,1,1,2024
2024-01-18,2885.15,5.0,577.03,397.8,518.4675684167719,1491.75,5.0,1,3,Thursday,1,1,2024
2024-01-19,2389.0,7.0,341.2857142857143,397.8,96.51651721460995,397.8,7.0,1,4,Friday,1,1,2024
2024-01-20,2189.0,6.0,364.8333333333333,397.8,80.75151185375212,397.8,6.0,1,5,Saturday,1,1,2024
2024-01-21,5570.3,11.0,506.39090909090913,397.8,275.67716882087086,1093.95,11.0,1,6,Sunday,1,1,2024
2024-01-22,2984.6,6.0,497.43333333333334,397.8,273.9255860022329,994.5,6.0,1,0,Monday,1,1,2024
2024-01-23,3780.2,7.0,540.0285714285714,397.8,323.8838421630287,1093.95,7.0,1,1,Tuesday,1,1,2024
2024-01-24,2487.35,5.0,497.46999999999997,397.8,298.07527908231503,994.5,5.0,1,2,Wednesday,1,1,2024
2024-01-25,2586.8,7.0,369.54285714285714,397.8,74.76137276122515,397.8,7.0,1,3,Thursday,1,1,2024
2024-01-26,3282.9500000000003,8.0,410.36875000000003,397.8,171.54599328605727,795.6,8.0,1,4,Friday,1,1,2024
2024-01-27,5469.75,10.0,546.975,397.8,289.9440829711826,1093.95,10.0,1,5,Saturday,1,1,2024
2024-01-28,5073.05,13.0,390.2346153846154,397.8,94.69816168713666,596.7,12.0,1,6,Sunday,1,1,2024
2024-01-29,4674.15,9.0,519.3499999999999,397.8,297.4277412246544,1292.85,9.0,1,0,Monday,1,1,2024
2024-01-30,1591.2,4.0,397.8,397.8,0.0,397.8,4.0,1,1,Tuesday,1,1,2024
2024-01-31,4875.25,11.0,443.20454545454544,397.8,223.74896475128708,994.5,11.0,1,2,Wednesday,1,1,2024
2024-02-01,5718.37,13.0,439.87461538461537,397.8,128.1425558779092,795.6,13.0,1,3,Thursday,2,1,2024
2024-02-02,5073.05,11.0,461.18636363636364,397.8,264.0341219339927,1193.4,11.0,1,4,Friday,2,1,2024
2024-02-03,6563.700000000001,13.0,504.90000000000003,397.8,357.33225610067734,1690.65,12.0,1,5,Saturday,2,1,2024
2024-02-04,2288.4500000000003,5.0,457.69000000000005,397.8,311.09965123734867,994.5,5.0,1,6,Sunday,2,1,2024
2024-02-05,2488.45,6.0,414.7416666666666,397.8,254.47401520914988,895.05,6.0,1,0,Monday,2,1,2024
2024-02-06,2190.1,6.0,365.01666666666665,397.8,149.2396785934179,596.7,6.0,1,1,Tuesday,2,1,2024
2024-02-07,2189.0,6.0,364.8333333333333,397.8,80.7515118537521,397.8,6.0,1,2,Wednesday,2,1,2024
2024-02-08,4077.45,9.0,453.04999999999995,397.8,173.04808038519235,895.05,9.0,1,3,Thursday,2,1,2024
2024-02-09,3384.6,8.0,423.075,397.8,326.2871817892943,1193.4,8.0,1,4,Friday,2,1,2024
2024-02-10,7463.7,16.0,466.48125,397.8,355.02328650151014,1392.3,16.0,1,5,Saturday,2,1,2024
2024-02-11,8256.550000000001,14.0,589.7535714285715,397.8,400.4257721784717,1491.75,13.0,1,6,Sunday,2,1,2024
2024-02-12,995.6,3.0,331.8666666666667,397.8,114.19988324570798,397.8,3.0,1,0,Monday,2,1,2024
2024-02-13,1989.0,3.0,663.0,497.25,376.5116233265582,1093.95,3.0,1,1,Tuesday,2,1,2024
2024-02-14,4575.8,8.0,571.975,397.8,576.7330200609043,1989.0,8.0,1,2,Wednesday,2,1,2024
2024-02-15,3381.3,8.0,422.6625,397.8,70.32176938900217,596.7,8.0,1,3,Thursday,2,1,2024
2024-02-16,5569.2,13.0,428.4,397.8,85.01487369866521,696.15,13.0,1,4,Friday,2,1,2024
2024-02-17,3353.5,7.0,479.07142857142856,397.8,439.37016460795223,1093.95,7.0,1,5,Saturday,2,1,2024
2024-02-18,3383.5,8.0,422.9375,397.8,247.63031742325668,994.5,8.0,1,6,Sunday,2,1,2024
2024-02-19,5071.95,9.0,563.55,397.8,289.9440829711826,1193.4,9.0,1,0,Monday,2,1,2024
2024-02-20,4080.75,8.0,510.09375,397.8,467.4721859086531,1591.2,8.0,1,1,Tuesday,2,1,2024
2024-02-21,2787.3500000000004,7.0,398.1928571428572,397.8,329.5345864859654,1093.95,7.0,1,2,Wednesday,2,1,2024
2024-02-22,5470.85,11.0,497.35,397.8,235.20239582113098,994.5,11.0,1,3,Thursday,2,1,2024
2024-02-23,2885.15,6.0,480.85833333333335,397.8,221.3550460609983,795.6,6.0,1,4,Friday,2,1,2024
2024-02-24,5571.4,9.0,619.0444444444444,397.8,816.5875628355956,2784.6,9.0,1,5,Saturday,2,1,2024
2024-02-25,5969.200000000001,10.0,596.9200000000001,397.8,383.4857886690341,1193.4,9.0,1,6,Sunday,2,1,2024
2024-02-26,2189.0,6.0,364.8333333333333,397.8,80.7515118537521,397.8,6.0,1,0,Monday,2,1,2024
2024-02-27,1292.85,3.0,430.95,397.8,57.41748427090828,497.25,3.0,1,1,Tuesday,2,1,2024
2024-02-28,2785.15,8.0,348.14375,397.8,106.13279901512875,397.8,8.0,1,2,Wednesday,2,1,2024
2024-02-29,4077.55,7.0,582.5071428571429,397.8,391.13359229783566,1193.4,7.0,1,3,Thursday,2,1,2024
2024-03-01,5073.05,10.0,507.305,397.8,294.3293142892838,1093.95,10.0,1,4,Friday,3,1,2024
2024-03-02,8753.800000000001,17.0,514.929411764706,397.8,274.9867428956937,1093.95,16.0,1,5,Saturday,3,1,2024
2024-03-03,4976.900000000001,13.0,382.83846153846156,397.8,232.39773122982342,1093.95,12.0,1,6,Sunday,3,1,2024
2024-03-04,2686.25,6.0,447.7083333333333,397.8,279.3281160511177,994.5,6.0,1,0,Monday,3,1,2024
2024-03-05,2687.35,8.0,335.91875,397.8,90.63716494707266,397.8,8.0,1,1,Tuesday,3,1,2024
2024-03-06,3879.65,7.0,554.2357142857143,397.8,343.6314943781659,1093.95,7.0,1,2,Wednesday,3,1,2024
2024-03-07,4078.55,11.0,370.77727272727276,397.8,64.01768257144413,397.8,10.0,1,3,Thursday,3,1,2024
2024-03-08,2785.7,6.0,464.2833333333333,397.8,271.5347227642658,994.5,6.0,1,4,Friday,3,1,2024
2024-03-09,5072.5,9.0,563.6111111111111,397.8,351.5181376701793,1193.4,9.0,1,5,Saturday,3,1,2024
2024-03-10,5970.3,12.0,497.52500000000003,397.8,454.5530459593347,1889.55,12.0,1,6,Sunday,3,1,2024
2024-03-11,1395.6,5.0,279.12,200.0,108.33952187452185,397.8,5.0,1,0,Monday,3,1,2024
2024-03-12,4548.16,11.0,413.4690909090909,397.8,231.70932266331215,994.5,11.0,1,1,Tuesday,3,1,2024
2024-03-13,2386.8,6.0,397.8,397.8,62.89770266074906,497.25,6.0,1,2,Wednesday,3,1,2024
2024-03-14,4875.25,10.0,487.525,397.8,305.217524662512,1093.95,10.0,1,3,Thursday,3,1,2024
2024-03-15,1989.5500000000002,6.0,331.5916666666667,397.8,120.22801843441765,397.8,5.0,1,4,Friday,3,1,2024
2024-03-16,4674.150000000001,10.0,467.4150000000001,397.8,220.14195931262176,1093.95,10.0,1,5,Saturday,3,1,2024
2024-03-17,3780.2000000000003,10.0,378.02000000000004,397.8,62.54985211813055,397.8,10.0,1,6,Sunday,3,1,2024
2024-03-18,4576.9,7.0,653.842857142857,497.25,476.10175858088314,1491.75,7.0,1,0,Monday,3,1,2024
2024-03-19,2537.07,4.0,634.2675,621.5600000000001,408.39372288475084,1093.95,4.0,1,1,Tuesday,3,1,2024
2024-03-20,1889.55,2.0,944.775,944.775,632.8959245010193,1392.3,2.0,1,2,Wednesday,3,1,2024
2024-03-21,1392.3,3.0,464.09999999999997,397.8,114.8349685418166,596.7,3.0,1,3,Thursday,3,1,2024
2024-03-22,3383.5,8.0,422.9375,397.8,189.4427820703957,795.6,8.0,1,4,Friday,3,1,2024
2024-03-23,4384.06,11.0,398.5509090909091,397.8,164.97590263153862,745.87,11.0,1,5,Saturday,3,1,2024
2024-03-24,3086.25,9.0,342.9166666666667,397.8,111.89012467595164,497.25,9.0,1,6,Sunday,3,1,2024
2024-03-25,5968.1,11.0,542.5545454545455,397.8,364.92996071475517,1491.75,11.0,1,0,Monday,3,1,2024
2024-03-26,2785.7,3.0,928.5666666666666,497.25,1015.4242467231778,2088.45,3.0,1,1,Tuesday,3,1,2024
2024-03-27,2387.9,5.0,477.58000000000004,397.8,301.3932182382344,994.5,5.0,1,2,Wednesday,3,1,2024
2024-03-28,5273.05,12.0,439.42083333333335,397.8,205.15283821218551,994.5,12.0,1,3,Thursday,3,1,2024
2024-03-29,795.6,2.0,397.8,397.8,0.0,397.8,2.0,1,4,Friday,3,1,2024
2024-03-30,5075.25,12.0,422.9375,397.8,240.07154721892994,1093.95,12.0,1,5,Saturday,3,1,2024
2024-03-31,3481.85,8.0,435.23125,397.8,237.20312112120882,994.5,8.0,1,6,Sunday,3,1,2024
2024-04-01,7861.5,14.0,561.5357142857143,397.8,486.2976954771363,1591.2,12.0,1,0,Monday,4,2,2024
2024-04-02,397.8,1.0,397.8,397.8,0.0,397.8,1.0,1,1,Tuesday,4,2,2024
2024-04-03,3878.55,7.0,554.0785714285714,397.8,286.26599643388613,1093.95,7.0,1,2,Wednesday,4,2,2024
2024-04-04,3979.65,9.0,442.18333333333334,397.8,306.7878786718928,1193.4,9.0,1,3,Thursday,4,2,2024
2024-04-05,4179.1,9.0,464.3444444444445,397.8,227.5488154282016,895.05,8.0,1,4,Friday,4,2,2024
2024-04-06,5570.3,11.0,506.39090909090913,397.8,296.422442485536,1093.95,10.0,1,5,Saturday,4,2,2024
2024-04-07,4773.6,9.0,530.4000000000001,397.8,263.11996788537357,994.5,8.0,1,6,Sunday,4,2,2024
2024-04-08,2190.1,4.0,547.525,497.8,409.4203656797416,994.5,4.0,1,0,Monday,4,2,2024
2024-04-09,1592.3000000000002,5.0,318.46000000000004,298.35,82.81193603581552,397.8,5.0,1,1,Tuesday,4,2,2024
2024-04-10,3284.05,8.0,410.50625,348.07500000000005,288.1873193372424,1093.95,8.0,1,2,Wednesday,4,2,2024
2024-04-11,1592.3,4.0,398.075,397.8,161.9524081327598,596.7,4.0,1,3,Thursday,4,2,2024
2024-04-12,1989.0,5.0,397.8,397.8,0.0,397.8,5.0,1,4,Friday,4,2,2024
2024-04-13,8455.45,15.0,563.6966666666667,397.8,347.7412967313215,1392.3,14.0,1,5,Saturday,4,2,2024
2024-04-14,5569.2,10.0,556.92,397.8,274.16472967907447,1093.95,9.0,1,6,Sunday,4,2,2024
2024-04-15,1791.2,5.0,358.24,397.8,88.45884918989168,397.8,5.0,1,0,Monday,4,2,2024
2024-04-16,0.0,0.0,0.0,0.0,0.0,0.0,0.0,0,1,Tuesday,4,2,2024
2024-04-17,1095.6,4.0,273.9,298.9,148.77817940365674,397.8,4.0,1,2,Wednesday,4,2,2024
2024-04-18,1491.75,4.0,372.9375,397.8,49.725,397.8,4.0,1,3,Thursday,4,2,2024
2024-04-19,4276.35,9.0,475.15000000000003,397.8,232.05000000000004,1093.95,9.0,1,4,Friday,4,2,2024
2024-04-20,397.8,1.0,397.8,397.8,0.0,397.8,1.0,1,5,Saturday,4,2,2024
2024-04-21,4874.15,10.0,487.41499999999996,397.8,358.32061376649824,1491.75,10.0,1,6,Sunday,4,2,2024
2024-04-22,1790.1,3.0,596.6999999999999,397.8,344.5049056254497,994.5,3.0,1,0,Monday,4,2,2024
2024-04-23,1989.0,3.0,663.0,397.8,459.33987416726626,1193.4,3.0,1,1,Tuesday,4,2,2024
2024-04-24,2287.35,4.0,571.8375,447.525,285.64837759910347,994.5,4.0,1,2,Wednesday,4,2,2024
2024-04-25,3632.12,9.0,403.56888888888886,397.8,193.0041821725921,845.32,9.0,1,3,Thursday,4,2,2024
2024-04-26,4376.9,10.0,437.68999999999994,397.8,205.28127289161085,994.5,10.0,1,4,Friday,4,2,2024
2024-04-27,5718.37,11.0,519.8518181818182,397.8,198.1067705465001,895.05,11.0,1,5,Saturday,4,2,2024
2024-04-28,4278.55,8.0,534.81875,397.8,339.809505392885,1093.95,8.0,1,6,Sunday,4,2,2024
2024-04-29,995.6,3.0,331.8666666666667,397.8,114.19988324570798,397.8,3.0,1,0,Monday,4,2,2024
2024-04-30,2587.9,6.0,431.31666666666666,397.8,292.42447514985247,994.5,6.0,1,1,Tuesday,4,2,2024
2024-05-01,3480.75,7.0,497.25,397.8,263.11996788537357,1093.95,7.0,1,2,Wednesday,5,2,2024
2024-05-02,2780.7200000000003,7.0,397.2457142857143,397.8,114.53434693825008,596.7,6.0,1,3,Thursday,5,2,2024
2024-05-03,6464.25,13.0,497.25,397.8,246.96193785682846,1093.95,13.0,1,4,Friday,5,2,2024
2024-05-04,6464.25,11.0,587.6590909090909,397.8,328.1986980612369,1193.4,11.0,1,5,Saturday,5,2,2024
2024-05-05,2786.8,8.0,348.35,397.8,91.56360786750534,397.8,7.0,1,6,Sunday,5,2,2024
2024-05-06,2885.15,6.0,480.85833333333335,397.8,310.5986291287627,1093.95,6.0,1,0,Monday,5,2,2024
2024-05-07,3682.23,9.0,409.13666666666666,397.8,245.4956068344198,895.05,9.0,1,1,Tuesday,5,2,2024
2024-05-08,4475.25,4.0,1118.8125,596.7,1191.6721867296392,2884.05,4.0,1,2,Wednesday,5,2,2024
2024-05-09,2587.9,6.0,431.31666666666666,397.8,292.42447514985247,994.5,6.0,1,3,Thursday,5,2,2024
2024-05-10,4975.8,10.0,497.58000000000004,397.8,566.2745467821535,2088.45,10.0,1,4,Friday,5,2,2024
2024-05-11,7362.6,13.0,566.3538461538462,397.8,497.68446725039325,1989.0,12.0,1,5,Saturday,5,2,2024
2024-05-12,5177.17,16.0,323.573125,397.8,126.70105428231447,497.25,16.0,1,6,Sunday,5,2,2024
2024-05-13,6518.37,9.0,724.2633333333333,298.35,849.7656920292793,2784.6,9.0,1,0,Monday,5,2,2024
2024-05-14,597.8,2.0,298.9,298.9,139.86572131869914,397.8,2.0,1,1,Tuesday,5,2,2024
2024-05-15,2885.15,5.0,577.03,397.8,387.45966177139013,1193.4,5.0,1,2,Wednesday,5,2,2024
2024-05-16,3185.7,8.0,398.2125,397.8,212.1923685008488,795.6,8.0,1,3,Thursday,5,2,2024
2024-05-17,2088.45,3.0,696.15,397.8,516.7573584381745,1292.85,3.0,1,4,Friday,5,2,2024
2024-05-18,3680.75,9.0,408.97222222222223,397.8,126.00307315476253,696.15,9.0,1,5,Saturday,5,2,2024
2024-05-19,2488.45,7.0,355.49285714285713,397.8,112.25768135771165,497.25,6.0,1,6,Sunday,5,2,2024
2024-05-20,2787.9,7.0,398.2714285714286,298.35,319.3451866151825,1093.95,7.0,1,0,Monday,5,2,2024
2024-05-21,2586.8,5.0,517.36,397.8,339.91432633827014,1093.95,5.0,1,1,Tuesday,5,2,2024
2024-05-22,0.0,0.0,0.0,0.0,0.0,0.0,0.0,0,2,Wednesday,5,2,2024
2024-05-23,3781.3,6.0,630.2166666666667,397.8,769.2337288930242,2187.9,5.0,1,3,Thursday,5,2,2024
2024-05-24,3480.7400000000002,7.0,497.24857142857144,397.8,311.2755918490115,1193.4,6.0,1,4,Friday,5,2,2024
2024-05-25,1593.4,5.0,318.68,397.8,108.33952187452186,397.8,5.0,1,5,Saturday,5,2,2024
2024-05-26,4774.7,10.0,477.46999999999997,397.8,237.98414653081412,994.5,9.0,1,6,Sunday,5,2,2024
2024-05-27,3978.0,7.0,568.2857142857143,397.8,408.8926618668663,1491.75,7.0,1,0,Monday,5,2,2024
2024-05-28,3382.67,7.0,483.23857142857145,397.8,363.7513817810443,1093.95,7.0,1,1,Tuesday,5,2,2024
2024-05-29,896.1500000000001,3.0,298.7166666666667,298.35,98.90050977286892,397.8,3.0,1,2,Wednesday,5,2,2024
2024-05-30,4875.25,9.0,541.6944444444445,397.8,551.5554054469757,1989.0,9.0,1,3,Thursday,5,2,2024
2024-05-31,8358.2,17.0,491.6588235294118,397.8,369.3410323786533,1491.75,17.0,1,4,Friday,5,2,2024
2024-06-01,7260.95,16.0,453.809375,397.8,173.93030330063246,994.5,15.0,1,5,Saturday,6,2,2024
2024-06-02,6367.0,13.0,489.7692307692308,397.8,402.73562127160494,1790.1,13.0,1,6,Sunday,6,2,2024
2024-06-03,2189.0,6.0,364.8333333333333,397.8,80.7515118537521,397.8,6.0,1,0,Monday,6,2,2024
2024-06-04,6267.55,12.0,522.2958333333333,397.8,448.88551053912363,1889.55,12.0,1,1,Tuesday,6,2,2024
2024-06-05,2387.9,5.0,477.58000000000004,397.8,309.4883249009565,994.5,5.0,1,2,Wednesday,6,2,2024
2024-06-06,1990.1,4.0,497.525,397.8,344.1876559378619,994.5,4.0,1,3,Thursday,6,2,2024
2024-06-07,4277.45,9.0,475.2722222222222,397.8,257.16579539169754,1093.95,8.0,1,4,Friday,6,2,2024
2024-06-08,5471.95,12.0,455.99583333333334,397.8,334.9810336953513,1491.75,12.0,1,5,Saturday,6,2,2024
2024-06-09,4974.7,12.0,414.55833333333334,397.8,197.92801013744793,994.5,11.0,1,6,Sunday,6,2,2024
2024-06-10,3779.1,8.0,472.3875,397.8,115.85574389238172,696.15,8.0,1,0,Monday,6,2,2024
2024-06-11,2189.0,5.0,437.8,397.8,180.29688363917998,696.15,5.0,1,1,Tuesday,6,2,2024
2024-06-12,2386.8,6.0,397.8,397.8,62.89770266074906,497.25,6.0,1,2,Wednesday,6,2,2024
2024-06-13,3085.15,6.0,514.1916666666667,397.8,346.48983017783746,994.5,6.0,1,3,Thursday,6,2,2024
2024-06-14,6067.55,12.0,505.62916666666666,397.8,269.61535181737344,1093.95,11.0,1,4,Friday,6,2,2024
2024-06-15,5770.3,11.0,524.5727272727273,397.8,559.0799340718804,2187.9,10.0,1,5,Saturday,6,2,2024
2024-06-16,2585.7000000000003,6.0,430.95000000000005,397.8,81.20058497326238,596.7,6.0,1,6,Sunday,6,2,2024
2024-06-17,3981.3,10.0,398.13,397.8,229.3527901145598,994.5,10.0,1,0,Monday,6,2,2024
2024-06-18,2884.05,6.0,480.675,397.8,159.3270527876544,795.6,6.0,1,1,Tuesday,6,2,2024
2024-06-19,1791.2,5.0,358.24,397.8,88.4588491898917,397.8,5.0,1,2,Wednesday,6,2,2024
2024-06-20,7062.05,16.0,441.378125,397.8,149.4701697873191,795.6,15.0,1,3,Thursday,6,2,2024
2024-06-21,4130.47,10.0,413.047,397.8,234.13016057313078,994.5,9.0,1,4,Friday,6,2,2024
2024-06-22,6962.6,9.0,773.6222222222223,397.8,875.0949102494224,2983.5,9.0,1,5,Saturday,6,2,2024
2024-06-23,3783.5,9.0,420.3888888888889,397.8,301.1529063218735,1093.95,9.0,1,6,Sunday,6,2,2024
2024-06-24,3185.7,9.0,353.96666666666664,397.8,132.1190183130347,497.25,9.0,1,0,Monday,6,2,2024
2024-06-25,696.1500000000001,2.0,348.07500000000005,348.07500000000005,70.32176938900216,397.8,2.0,1,1,Tuesday,6,2,2024
2024-06-26,5571.4,12.0,464.2833333333333,397.8,258.8981998369009,994.5,12.0,1,2,Wednesday,6,2,2024
2024-06-27,2187.9,4.0,546.975,397.8,298.34999999999997,994.5,4.0,1,3,Thursday,6,2,2024
2024-06-28,3281.8500000000004,7.0,468.83571428571435,397.8,234.74052468325837,994.5,7.0,1,4,Friday,6,2,2024
2024-06-29,4029.92,12.0,335.82666666666665,397.8,82.12885046552081,397.8,12.0,1,5,Saturday,6,2,2024
2024-06-30,1990.1,5.0,398.02,397.8,140.2549535667101,596.7,5.0,1,6,Sunday,6,2,2024
2024-07-01,4477.45,10.0,447.745,397.8,239.9418603768653,994.5,10.0,1,0,Monday,7,3,2024
2024-07-02,0.0,0.0,0.0,0.0,0.0,0.0,0.0,0,1,Tuesday,7,3,2024
2024-07-03,1591.2,4.0,397.8,397.8,0.0,397.8,4.0,1,2,Wednesday,7,3,2024
2024-07-04,6665.35,15.0,444.3566666666667,397.8,273.16365899445356,1392.3,15.0,1,3,Thursday,7,3,2024
2024-07-05,6465.35,6.0,1077.5583333333334,397.8,1453.9018778503132,3978.0,6.0,1,4,Friday,7,3,2024
2024-07-06,3981.3,10.0,398.13,397.8,229.35279011455984,994.5,10.0,1,5,Saturday,7,3,2024
2024-07-07,4179.1,9.0,464.3444444444445,397.8,243.3026721550295,994.5,9.0,1,6,Sunday,7,3,2024
2024-07-08,1193.4,3.0,397.8,397.8,0.0,397.8,3.0,1,0,Monday,7,3,2024
2024-07-09,1591.2,4.0,397.8,397.8,0.0,397.8,4.0,1,1,Tuesday,7,3,2024
2024-07-10,1991.2,6.0,331.8666666666667,397.8,102.14348078397694,397.8,6.0,1,2,Wednesday,7,3,2024
2024-07-11,3879.65,7.0,554.2357142857143,397.8,506.5045300178187,1690.65,7.0,1,3,Thursday,7,3,2024
2024-07-12,1095.05,3.0,365.01666666666665,397.8,151.31242788790794,497.25,3.0,1,4,Friday,7,3,2024
2024-07-13,2587.9,7.0,369.7,397.8,136.7988913210435,596.7,7.0,1,5,Saturday,7,3,2024
2024-07-14,2686.25,6.0,447.7083333333333,447.525,163.07858049623397,696.15,6.0,1,6,Sunday,7,3,2024
2024-07-15,6494.08,14.0,463.86285714285714,397.8,216.68000487882063,1193.4,14.0,1,0,Monday,7,3,2024
2024-07-16,3133.77,7.0,447.68142857142857,397.8,273.69595676154785,1044.22,7.0,1,1,Tuesday,7,3,2024
2024-07-17,1292.85,3.0,430.95,397.8,57.41748427090826,497.25,3.0,1,2,Wednesday,7,3,2024
2024-07-18,3282.9500000000003,8.0,410.36875000000003,397.8,171.5459932860573,795.6,8.0,1,3,Thursday,7,3,2024
2024-07-19,3082.9500000000003,6.0,513.825,397.8,284.2020474064182,1093.95,6.0,1,4,Friday,7,3,2024
2024-07-20,5869.75,15.0,391.31666666666666,397.8,109.09756391588655,696.15,15.0,1,5,Saturday,7,3,2024
2024-07-21,4974.7,13.0,382.66923076923075,397.8,105.91477418672827,596.7,13.0,1,6,Sunday,7,3,2024
2024-07-22,795.6,2.0,397.8,397.8,0.0,397.8,2.0,1,0,Monday,7,3,2024
2024-07-23,1194.5,3.0,398.1666666666667,397.8,198.35025418015815,596.7,3.0,1,1,Tuesday,7,3,2024
2024-07-24,896.1500000000001,3.0,298.7166666666667,298.35,98.90050977286889,397.8,3.0,1,2,Wednesday,7,3,2024
2024-07-25,6137.16,14.0,438.36857142857144,397.8,182.3704270837936,994.5,14.0,1,3,Thursday,7,3,2024
2024-07-26,1392.3,2.0,696.15,696.15,421.9306163340128,994.5,2.0,1,4,Friday,7,3,2024
2024-07-27,6266.45,13.0,482.0346153846154,397.8,367.23571527960496,1690.65,12.0,1,5,Saturday,7,3,2024
2024-07-28,3480.75,8.0,435.09375,397.8,118.12023970000108,696.15,8.0,1,6,Sunday,7,3,2024
2024-07-29,2189.0,6.0,364.8333333333333,397.8,80.7515118537521,397.8,6.0,1,0,Monday,7,3,2024
2024-07-30,1293.95,4.0,323.4875,348.07500000000005,94.73779934640662,397.8,4.0,1,1,Tuesday,7,3,2024
2024-07-31,2386.8,5.0,477.36,397.8,177.9015682898833,795.6,5.0,1,2,Wednesday,7,3,2024
2024-08-01,3930.2,9.0,436.68888888888887,397.8,240.5072929998405,994.5,9.0,1,3,Thursday,8,3,2024
2024-08-02,4477.45,11.0,407.04090909090905,397.8,156.6669984683785,795.6,11.0,1,4,Friday,8,3,2024
2024-08-03,5968.1,10.0,596.8100000000001,397.8,498.25632559958535,1889.55,10.0,1,5,Saturday,8,3,2024
2024-08-04,4378.0,12.0,364.8333333333333,397.8,106.40825398037276,596.7,12.0,1,6,Sunday,8,3,2024
2024-08-05,3683.5,10.0,368.35,397.8,247.97787199667636,994.5,10.0,1,0,Monday,8,3,2024
2024-08-06,3183.5,5.0,636.7,397.8,650.434101197039,1790.1,4.0,1,1,Tuesday,8,3,2024
2024-08-07,2389.0,7.0,341.2857142857143,397.8,112.30407648539787,497.25,7.0,1,2,Wednesday,8,3,2024
2024-08-08,0.0,0.0,0.0,0.0,0.0,0.0,0.0,0,3,Thursday,8,3,2024
2024-08-09,3879.65,7.0,554.2357142857143,397.8,440.3501520705669,1491.75,7.0,1,4,Friday,8,3,2024
2024-08-10,2386.8,6.0,397.8,397.8,0.0,397.8,6.0,1,5,Saturday,8,3,2024
2024-08-11,3979.1000000000004,9.0,442.12222222222226,397.8,217.2255727221002,994.5,9.0,1,6,Sunday,8,3,2024
2024-08-12,1591.2,4.0,397.8,397.8,0.0,397.8,4.0,1,0,Monday,8,3,2024
2024-08-13,2091.2,7.0,298.74285714285713,397.8,127.96372998031978,397.8,7.0,1,1,Tuesday,8,3,2024
2024-08-14,5371.4,11.0,488.30909090909086,397.8,260.9399114913066,994.5,11.0,1,2,Wednesday,8,3,2024
2024-08-15,3133.77,9.0,348.19666666666666,397.8,92.80759923088195,497.25,9.0,1,3,Thursday,8,3,2024
2024-08-16,2386.8,6.0,397.8,397.8,0.0,397.8,6.0,1,4,Friday,8,3,2024
2024-08-17,3582.4,7.0,511.7714285714286,397.8,485.03038294621547,1591.2,7.0,1,5,Saturday,8,3,2024
2024-08-18,3082.95,5.0,616.5899999999999,397.8,489.229312797179,1491.75,5.0,1,6,Sunday,8,3,2024
2024-08-19,995.6,3.0,331.8666666666667,397.8,114.19988324570798,397.8,3.0,1,0,Monday,8,3,2024
2024-08-20,1095.05,3.0,365.01666666666665,397.8,151.31242788790792,497.25,3.0,1,1,Tuesday,8,3,2024
2024-08-21,995.6,3.0,331.8666666666667,397.8,114.19988324570798,397.8,3.0,1,2,Wednesday,8,3,2024
2024-08-22,2191.2,7.0,313.0285714285714,397.8,105.72854730055509,397.8,7.0,1,3,Thursday,8,3,2024
2024-08-23,2389.0,7.0,341.2857142857143,397.8,96.51651721460995,397.8,7.0,1,4,Friday,8,3,2024
2024-08-24,4477.45,10.0,447.745,397.8,235.31734181974585,994.5,10.0,1,5,Saturday,8,3,2024
2024-08-25,4775.8,12.0,397.98333333333335,397.8,119.60985694660738,596.7,12.0,1,6,Sunday,8,3,2024
2024-08-26,3589.0,13.0,276.0769230769231,200.0,100.15992340457464,397.8,13.0,1,0,Monday,8,3,2024
2024-08-27,4478.55,12.0,373.21250000000003,397.8,120.44292900675936,596.7,12.0,1,1,Tuesday,8,3,2024
2024-08-28,2088.4500000000003,6.0,348.07500000000005,348.07500000000005,54.471008343888755,397.8,6.0,1,2,Wednesday,8,3,2024
2024-08-29,2191.2,7.0,313.0285714285714,397.8,105.72854730055509,397.8,7.0,1,3,Thursday,8,3,2024
2024-08-30,3282.95,8.0,410.36875,397.8,171.54599328605727,795.6,8.0,1,4,Friday,8,3,2024
2024-08-31,4587.67,12.0,382.30583333333334,397.8,164.7529937627474,795.6,11.0,1,5,Saturday,8,3,2024
2024-09-01,4276.35,9.0,475.15000000000003,397.8,209.65900886916359,994.5,9.0,1,6,Sunday,9,3,2024
2024-09-02,1991.2,6.0,331.8666666666667,397.8,102.14348078397694,397.8,6.0,1,0,Monday,9,3,2024
2024-09-03,1989.0,5.0,397.8,397.8,0.0,397.8,5.0,1,1,Tuesday,9,3,2024
2024-09-04,2289.55,6.0,381.5916666666667,397.8,182.0363381763835,696.15,6.0,1,2,Wednesday,9,3,2024
2024-09-05,1591.2,4.0,397.8,397.8,0.0,397.8,4.0,1,3,Thursday,9,3,2024
2024-09-06,4378.55,9.0,486.5055555555556,397.8,538.6829427202774,1889.55,9.0,1,4,Friday,9,3,2024
2024-09-07,3185.7000000000003,9.0,353.9666666666667,397.8,132.1190183130347,596.7,9.0,1,5,Saturday,9,3,2024
2024-09-08,3182.4,8.0,397.8,397.8,0.0,397.8,8.0,1,6,Sunday,9,3,2024
2024-09-09,3880.2000000000003,11.0,352.74545454545455,397.8,111.9201734598045,497.25,11.0,1,0,Monday,9,3,2024
2024-09-10,3481.8500000000004,8.0,435.23125000000005,397.8,237.20312112120882,994.5,8.0,1,1,Tuesday,9,3,2024
2024-09-11,795.6,2.0,397.8,397.8,0.0,397.8,2.0,1,2,Wednesday,9,3,2024
2024-09-12,4976.900000000001,13.0,382.83846153846156,397.8,166.23647457994664,696.15,13.0,1,3,Thursday,9,3,2024
2024-09-13,1442.02,4.0,360.505,397.8,74.59,397.8,4.0,1,4,Friday,9,3,2024
2024-09-14,1989.0,5.0,397.8,397.8,0.0,397.8,5.0,1,5,Saturday,9,3,2024
2024-09-15,2387.35,7.0,341.05,397.8,112.56938971141311,397.8,7.0,1,6,Sunday,9,3,2024
2024-09-16,2687.3500000000004,6.0,447.8916666666667,397.8,331.0043661595216,1093.95,6.0,1,0,Monday,9,3,2024
2024-09-17,995.6,3.0,331.8666666666667,397.8,114.19988324570798,397.8,3.0,1,1,Tuesday,9,3,2024
2024-09-18,2187.9,5.0,437.58000000000004,397.8,54.471008343888755,497.25,5.0,1,2,Wednesday,9,3,2024
2024-09-19,4723.87,8.0,590.48375,397.8,427.28644537150285,1491.75,8.0,1,3,Thursday,9,3,2024
2024-09-20,3582.4,7.0,511.7714285714286,397.8,326.6198706156017,1093.95,7.0,1,4,Friday,9,3,2024
2024-09-21,5569.2,7.0,795.6,397.8,523.0981767316724,1491.75,7.0,1,5,Saturday,9,3,2024
2024-09-22,4776.900000000001,13.0,367.4538461538462,397.8,109.91063502822507,596.7,13.0,1,6,Sunday,9,3,2024
2024-09-23,4278.55,10.0,427.855,397.8,248.06842072523278,1093.95,10.0,1,0,Monday,9,3,2024
2024-09-24,3383.5000000000005,5.0,676.7,397.8,850.5559417228241,2187.9,5.0,1,1,Tuesday,9,3,2024
2024-09-25,2187.9,4.0,546.975,397.8,298.34999999999997,994.5,4.0,1,2,Wednesday,9,3,2024
2024-09-26,5669.75,10.0,566.975,447.525,256.8178659088966,994.5,10.0,1,3,Thursday,9,3,2024
2024-09-27,5271.95,12.0,439.32916666666665,397.8,213.85075558173457,1093.95,12.0,1,4,Friday,9,3,2024
2024-09-28,797.8,3.0,265.93333333333334,200.0,114.199883245708,397.8,3.0,1,5,Saturday,9,3,2024
2024-09-29,4527.17,13.0,348.24384615384616,397.8,80.86464715173348,397.8,12.0,1,6,Sunday,9,3,2024
2024-09-30,2039.8200000000002,6.0,339.97,397.8,90.89956985596797,397.8,6.0,1,0,Monday,9,3,2024
2024-10-01,3265.7,11.0,296.8818181818182,397.8,168.56694111350433,596.7,10.0,1,1,Tuesday,10,4,2024
2024-10-02,1095.05,3.0,365.01666666666665,397.8,151.31242788790792,497.25,3.0,1,2,Wednesday,10,4,2024
2024-10-03,3282.9500000000003,7.0,468.9928571428572,397.8,261.1347934633431,994.5,6.0,1,3,Thursday,10,4,2024
2024-10-04,3184.6,7.0,454.9428571428571,397.8,274.166809668511,994.5,7.0,1,4,Friday,10,4,2024
2024-10-05,2885.15,7.0,412.1642857142857,397.8,145.31186781736523,696.15,7.0,1,5,Saturday,10,4,2024
2024-10-06,3382.9500000000003,10.0,338.295,397.8,106.61015807865381,397.8,10.0,1,6,Sunday,10,4,2024
2024-10-07,5270.85,5.0,1054.17,397.8,1008.326880034446,2685.15,5.0,1,0,Monday,10,4,2024
2024-10-08,4277.45,10.0,427.745,397.8,209.7879888125152,994.5,10.0,1,1,Tuesday,10,4,2024
2024-10-09,1393.4,4.0,348.35,397.8,98.90000000000002,397.8,4.0,1,2,Wednesday,10,4,2024
2024-10-10,4277.45,10.0,427.745,397.8,243.71277202887828,1093.95,10.0,1,3,Thursday,10,4,2024
2024-10-11,2436.52,6.0,406.08666666666664,397.8,20.298105001863266,447.52,6.0,1,4,Friday,10,4,2024
2024-10-12,1342.5700000000002,3.0,447.52333333333337,397.8,86.12333965501648,546.97,3.0,1,5,Saturday,10,4,2024
2024-10-13,3383.5,8.0,422.9375,397.8,247.63031742325668,994.5,8.0,1,6,Sunday,10,4,2024
2024-10-14,1395.6,5.0,279.12,200.0,108.33952187452186,397.8,5.0,1,0,Monday,10,4,2024
2024-10-15,1093.95,3.0,364.65000000000003,397.8,57.41748427090826,397.8,3.0,1,1,Tuesday,10,4,2024
2024-10-16,2088.45,5.0,417.68999999999994,397.8,44.47539207247082,497.25,5.0,1,2,Wednesday,10,4,2024
2024-10-17,5174.700000000001,13.0,398.0538461538462,397.8,225.8112794842359,1093.95,13.0,1,3,Thursday,10,4,2024
2024-10-18,4876.35,14.0,348.3107142857143,397.8,84.56957576814725,397.8,14.0,1,4,Friday,10,4,2024
2024-10-19,6167.0,8.0,770.875,397.8,923.3124045676909,2983.5,8.0,1,5,Saturday,10,4,2024
2024-10-20,995.6,3.0,331.8666666666667,397.8,114.199883245708,397.8,3.0,1,6,Sunday,10,4,2024
2024-10-21,4078.55,9.0,453.1722222222222,397.8,217.2185781521563,994.5,9.0,1,0,Monday,10,4,2024
2024-10-22,1991.2,6.0,331.8666666666667,397.8,102.14348078397694,397.8,6.0,1,1,Tuesday,10,4,2024
2024-10-23,2885.15,5.0,577.03,497.25,339.8660482454816,1093.95,5.0,1,2,Wednesday,10,4,2024
2024-10-24,1989.0,5.0,397.8,397.8,0.0,397.8,5.0,1,3,Thursday,10,4,2024
2024-10-25,6664.25,15.0,444.28333333333336,397.8,215.4039392021639,1193.4,14.0,1,4,Friday,10,4,2024
2024-10-26,1693.95,6.0,282.325,249.175,97.21930749599073,397.8,6.0,1,5,Saturday,10,4,2024
2024-10-27,3731.57,10.0,373.15700000000004,397.8,102.43078661005956,546.97,10.0,1,6,Sunday,10,4,2024
2024-10-28,4080.75,10.0,408.075,348.07500000000005,254.11348760609565,994.5,9.0,1,0,Monday,10,4,2024
2024-10-29,995.6,3.0,331.8666666666667,397.8,114.199883245708,397.8,3.0,1,1,Tuesday,10,4,2024
2024-10-30,3680.75,8.0,460.09375,397.8,270.5777356450189,1093.95,8.0,1,2,Wednesday,10,4,2024
2024-10-31,4674.15,11.0,424.92272727272723,397.8,89.95590965477577,696.15,11.0,1,3,Thursday,10,4,2024
2024-11-01,5868.650000000001,12.0,489.05416666666673,397.8,237.72173138350158,1093.95,12.0,1,4,Friday,11,4,2024
2024-11-02,5670.85,14.0,405.0607142857143,397.8,125.90764652433427,696.15,14.0,1,5,Saturday,11,4,2024
2024-11-03,2587.9,6.0,431.31666666666666,397.8,292.4244751498524,994.5,6.0,1,6,Sunday,11,4,2024
2024-11-04,2884.05,7.0,412.00714285714287,397.8,37.58856684076764,497.25,5.0,1,0,Monday,11,4,2024
2024-11-05,2386.8,6.0,397.8,397.8,0.0,397.8,6.0,1,1,Tuesday,11,4,2024
2024-11-06,1292.85,3.0,430.95,397.8,57.41748427090828,497.25,3.0,1,2,Wednesday,11,4,2024
2024-11-07,1791.2,5.0,358.24,397.8,88.45884918989168,397.8,5.0,1,3,Thursday,11,4,2024
2024-11-08,2986.8,8.0,373.35,298.35,264.1491989117406,994.5,8.0,1,4,Friday,11,4,2024
2024-11-09,3680.75,7.0,525.8214285714286,397.8,392.2836960852257,1392.3,7.0,1,5,Saturday,11,4,2024
2024-11-10,2289.55,7.0,327.0785714285715,397.8,94.10042444618611,397.8,7.0,1,6,Sunday,11,4,2024
2024-11-11,4774.7,10.0,477.46999999999997,397.8,255.78865103831328,994.5,10.0,1,0,Monday,11,4,2024
2024-11-12,2885.15,5.0,577.03,397.8,518.4675684167719,1491.75,5.0,1,1,Tuesday,11,4,2024
2024-11-13,2486.25,6.0,414.375,397.8,40.600292486631176,497.25,6.0,1,2,Wednesday,11,4,2024
2024-11-14,1890.65,5.0,378.13,397.8,108.49031984467554,497.25,5.0,1,3,Thursday,11,4,2024
2024-11-15,3384.6,7.0,483.5142857142857,298.35,390.8349957828386,1093.95,6.0,1,4,Friday,11,4,2024
2024-11-16,2586.8,7.0,369.54285714285714,397.8,74.76137276122515,397.8,7.0,1,5,Saturday,11,4,2024
2024-11-17,3580.2000000000003,9.0,397.8,397.8,0.0,397.8,9.0,1,6,Sunday,11,4,2024
2024-11-18,5570.3,11.0,506.39090909090913,397.8,260.9322889354457,1193.4,10.0,1,0,Monday,11,4,2024
2024-11-19,3433.2200000000003,9.0,381.4688888888889,397.8,121.38915812835641,596.7,9.0,1,1,Tuesday,11,4,2024
2024-11-20,995.6,3.0,331.8666666666667,397.8,114.19988324570798,397.8,3.0,1,2,Wednesday,11,4,2024
2024-11-21,3182.4,8.0,397.8,397.8,53.158261016381196,497.25,6.0,1,3,Thursday,11,4,2024
2024-11-22,4278.55,10.0,427.855,397.8,224.8304168948479,994.5,10.0,1,4,Friday,11,4,2024
2024-11-23,3981.3,8.0,497.6625,397.8,463.11972206362117,1591.2,7.0,1,5,Saturday,11,4,2024
2024-11-24,2387.9,6.0,397.98333333333335,397.8,125.4478762939679,596.7,6.0,1,6,Sunday,11,4,2024
2024-11-25,1492.85,4.0,373.2125,397.8,124.62873113772764,497.25,4.0,1,0,Monday,11,4,2024
2024-11-26,2786.8,8.0,348.35,397.8,91.56360786750534,397.8,7.0,1,1,Tuesday,11,4,2024
2024-11-27,2038.72,5.0,407.744,397.8,22.235459968257892,447.52,5.0,1,2,Wednesday,11,4,2024
2024-11-28,797.8,3.0,265.93333333333334,200.0,114.19988324570798,397.8,3.0,1,3,Thursday,11,4,2024
2024-11-29,3979.1000000000004,10.0,397.91,397.8,123.8402842373999,696.15,9.0,1,4,Friday,11,4,2024
2024-11-30,5571.400000000001,13.0,428.5692307692308,397.8,196.11945502939182,994.5,11.0,1,5,Saturday,11,4,2024
2024-12-01,2785.7,6.0,464.2833333333333,397.8,271.5347227642658,994.5,6.0,1,6,Sunday,12,4,2024
2024-12-02,4098.0,11.0,372.54545454545456,397.8,83.75985152370274,397.8,10.0,1,0,Monday,12,4,2024
2024-12-03,5075.25,11.0,461.3863636363636,397.8,252.31850515856848,994.5,11.0,1,1,Tuesday,12,4,2024
2024-12-04,2586.79,6.0,431.13166666666666,397.8,197.81245222853556,795.6,5.0,1,2,Wednesday,12,4,2024
2024-12-05,3481.8500000000004,8.0,435.23125000000005,397.8,129.2443835129514,596.7,8.0,1,3,Thursday,12,4,2024
2024-12-06,4972.5,6.0,828.75,397.8,679.3728357831213,1889.55,6.0,1,4,Friday,12,4,2024
2024-12-07,1594.5,5.0,318.9,200.0,177.34830137331457,596.7,5.0,1,5,Saturday,12,4,2024
2024-12-08,1791.2,5.0,358.24,397.8,88.4588491898917,397.8,5.0,1,6,Sunday,12,4,2024
2024-12-09,4476.35,8.0,559.54375,497.25,259.86429897915673,994.5,8.0,1,0,Monday,12,4,2024
2024-12-10,4874.150000000001,8.0,609.2687500000001,397.8,476.6251843785939,1591.2,7.0,1,1,Tuesday,12,4,2024
2024-12-11,1392.3,3.0,464.09999999999997,397.8,207.0216836469069,696.15,3.0,1,2,Wednesday,12,4,2024
2024-12-12,2886.25,8.0,360.78125,397.8,105.00127869119363,497.25,8.0,1,3,Thursday,12,4,2024
2024-12-13,4279.65,11.0,389.05909090909086,397.8,219.6531980397529,994.5,11.0,1,4,Friday,12,4,2024
2024-12-14,3282.95,8.0,410.36875,397.8,144.74330958508193,696.15,8.0,1,5,Saturday,12,4,2024
2024-12-15,2187.9,5.0,437.58000000000004,397.8,88.95078414494166,596.7,5.0,1,6,Sunday,12,4,2024
2024-12-16,1393.4,4.0,348.35,397.8,98.9,397.8,4.0,1,0,Monday,12,4,2024
2024-12-17,4972.5,11.0,452.04545454545456,397.8,149.92651609129294,895.05,11.0,1,1,Tuesday,12,4,2024
2024-12-18,2685.15,5.0,537.03,397.8,311.32774450729573,1093.95,5.0,1,2,Wednesday,12,4,2024
2024-12-19,2686.25,7.0,383.75,397.8,89.10043490354018,497.25,7.0,1,3,Thursday,12,4,2024
2024-12-20,6567.0,12.0,547.25,397.8,651.977307887322,2585.7,12.0,1,4,Friday,12,4,2024
2024-12-21,4774.7,8.0,596.8375,397.8,501.36951638914564,1690.65,7.0,1,5,Saturday,12,4,2024
2024-12-22,1790.1000000000001,4.0,447.52500000000003,397.8,99.45,596.7,4.0,1,6,Sunday,12,4,2024
2024-12-23,3580.2000000000003,8.0,447.52500000000003,397.8,150.35426736307062,795.6,8.0,1,0,Monday,12,4,2024
2024-12-24,3103.94,5.0,620.788,397.8,404.75753540854555,1093.95,5.0,1,1,Tuesday,12,4,2024
2024-12-25,0.0,0.0,0.0,0.0,0.0,0.0,0.0,0,2,Wednesday,12,4,2024
2024-12-26,0.0,0.0,0.0,0.0,0.0,0.0,0.0,0,3,Thursday,12,4,2024
2024-12-27,3182.4,8.0,397.8,397.8,0.0,397.8,8.0,1,4,Friday,12,4,2024
2024-12-28,3480.75,4.0,870.1875,696.15,615.0642817015145,1690.65,4.0,1,5,Saturday,12,4,2024
2024-12-29,795.6,2.0,397.8,397.8,0.0,397.8,2.0,1,6,Sunday,12,4,2024
2024-12-30,1591.2,4.0,397.8,397.8,0.0,397.8,4.0,1,0,Monday,12,4,2024
2024-12-31,1592.3,4.0,398.075,397.8,161.9524081327598,596.7,4.0,1,1,Tuesday,12,4,2024
2025-01-01,0.0,0.0,0.0,0.0,0.0,0.0,0.0,0,2,Wednesday,1,1,2025
2025-01-02,2585.7,6.0,430.95,397.8,81.20058497326235,596.7,6.0,1,3,Thursday,1,1,2025
2025-01-03,1690.65,4.0,422.6625,348.07500000000005,188.25581166327905,696.15,4.0,1,4,Friday,1,1,2025
2025-01-04,3581.3,8.0,447.6625,397.8,231.54313968613772,994.5,8.0,1,5,Saturday,1,1,2025
2025-01-05,7163.7,17.0,421.3941176470588,397.8,166.6173018498838,795.6,17.0,1,6,Sunday,1,1,2025
2025-01-06,5080.75,17.0,298.86764705882354,298.35,98.90008996010897,397.8,16.0,1,0,Monday,1,1,2025
2025-01-07,797.8,3.0,265.93333333333334,200.0,114.199883245708,397.8,3.0,1,1,Tuesday,1,1,2025
2025-01-08,3780.2000000000003,8.0,472.52500000000003,397.8,236.05881077150485,994.5,8.0,1,2,Wednesday,1,1,2025
2025-01-09,2387.9,6.0,397.98333333333335,397.8,125.44787629396791,596.7,6.0,1,3,Thursday,1,1,2025
2025-01-10,2586.8,6.0,431.1333333333334,447.525,135.4990688774896,596.7,6.0,1,4,Friday,1,1,2025
2025-01-11,397.8,1.0,397.8,397.8,0.0,397.8,1.0,1,5,Saturday,1,1,2025
2025-01-12,1093.95,3.0,364.65000000000003,397.8,57.41748427090828,397.8,3.0,1,6,Sunday,1,1,2025
2025-01-13,1496.15,6.0,249.35833333333335,200.0,82.6802178073248,397.8,6.0,1,0,Monday,1,1,2025
2025-01-14,995.6,3.0,331.8666666666667,397.8,114.199883245708,397.8,3.0,1,1,Tuesday,1,1,2025
2025-01-15,3679.65,5.0,735.9300000000001,397.8,812.8174499849274,2187.9,5.0,1,2,Wednesday,1,1,2025
2025-01-16,397.8,1.0,397.8,397.8,0.0,397.8,1.0,1,3,Thursday,1,1,2025
2025-01-17,2685.15,5.0,537.03,397.8,311.32774450729573,1093.95,5.0,1,4,Friday,1,1,2025
2025-01-18,3481.85,8.0,435.23125,397.8,275.76425741861993,1093.95,8.0,1,5,Saturday,1,1,2025
2025-01-19,1791.2,5.0,358.24,397.8,88.4588491898917,397.8,5.0,1,6,Sunday,1,1,2025
2025-01-20,1393.4,4.0,348.35,397.8,98.9,397.8,4.0,1,0,Monday,1,1,2025
2025-01-21,2586.8,7.0,369.54285714285714,397.8,74.76137276122515,397.8,7.0,1,1,Tuesday,1,1,2025
2025-01-22,795.6,2.0,397.8,397.8,0.0,397.8,2.0,1,2,Wednesday,1,1,2025
2025-01-23,1989.0,3.0,663.0,397.8,459.33987416726626,1193.4,3.0,1,3,Thursday,1,1,2025
2025-01-24,5374.7,12.0,447.89166666666665,397.8,463.3472705283378,1889.55,11.0,1,4,Friday,1,1,2025
2025-01-25,1991.2,6.0,331.8666666666667,397.8,102.14348078397694,397.8,6.0,1,5,Saturday,1,1,2025
2025-01-26,2189.0,6.0,364.8333333333333,397.8,80.75151185375212,397.8,6.0,1,6,Sunday,1,1,2025
2025-01-27,1591.2,4.0,397.8,397.8,0.0,397.8,4.0,1,0,Monday,1,1,2025
2025-01-28,795.6,2.0,397.8,397.8,0.0,397.8,2.0,1,1,Tuesday,1,1,2025
2025-01-29,1193.4,3.0,397.8,397.8,0.0,397.8,3.0,1,2,Wednesday,1,1,2025
2025-01-30,1990.1,5.0,398.02,397.8,140.2549535667101,596.7,5.0,1,3,Thursday,1,1,2025
2025-01-31,4574.7,9.0,508.29999999999995,397.8,224.8342389406026,994.5,9.0,1,4,Friday,1,1,2025
2025-02-01,5475.25,12.0,456.2708333333333,397.8,323.8291766701679,1093.95,12.0,1,5,Saturday,2,1,2025
2025-02-02,1194.5,3.0,398.1666666666667,397.8,198.35025418015815,596.7,3.0,1,6,Sunday,2,1,2025
2025-02-03,4873.05,9.0,541.45,397.8,286.12886301455154,1093.95,9.0,1,0,Monday,2,1,2025
2025-02-04,2189.0,6.0,364.8333333333333,397.8,80.7515118537521,397.8,6.0,1,1,Tuesday,2,1,2025
2025-02-05,795.6,2.0,397.8,397.8,0.0,397.8,2.0,1,2,Wednesday,2,1,2025
2025-02-06,4774.7,8.0,596.8375,397.8,438.2117946430535,1392.3,8.0,1,3,Thursday,2,1,2025
2025-02-07,3879.65,9.0,431.07222222222225,397.8,172.06751057199745,795.6,8.0,1,4,Friday,2,1,2025
2025-02-08,3183.5,6.0,530.5833333333334,397.8,385.8344627773246,1292.85,6.0,1,5,Saturday,2,1,2025
2025-02-09,3783.5,11.0,343.95454545454544,397.8,128.12802475365305,596.7,11.0,1,6,Sunday,2,1,2025
2025-02-10,4276.35,10.0,427.63500000000005,397.8,94.34655399112359,696.15,10.0,1,0,Monday,2,1,2025
2025-02-11,1195.6,4.0,298.9,298.9,114.19988324570798,397.8,4.0,1,1,Tuesday,2,1,2025
2025-02-12,4077.4500000000003,5.0,815.49,397.8,933.9832335218871,2486.25,5.0,1,2,Wednesday,2,1,2025
2025-02-13,2585.7000000000003,6.0,430.95000000000005,397.8,81.20058497326237,596.7,6.0,1,3,Thursday,2,1,2025
2025-02-14,4773.6,6.0,795.6,397.8,1023.9004175211572,2884.05,6.0,1,4,Friday,2,1,2025
2025-02-15,1991.2,6.0,331.8666666666667,397.8,102.14348078397694,397.8,6.0,1,5,Saturday,2,1,2025
2025-02-16,3184.6000000000004,8.0,398.07500000000005,397.8,183.80654232099576,795.6,8.0,1,6,Sunday,2,1,2025
2025-02-17,2189.0,6.0,364.8333333333333,397.8,80.7515118537521,397.8,6.0,1,0,Monday,2,1,2025
2025-02-18,1392.3000000000002,3.0,464.1000000000001,397.8,114.8349685418166,596.7,3.0,1,1,Tuesday,2,1,2025
2025-02-19,1990.1000000000001,5.0,398.02000000000004,397.8,140.2549535667101,596.7,5.0,1,2,Wednesday,2,1,2025
2025-02-20,2983.5,7.0,426.2142857142857,397.8,75.17713368153532,596.7,7.0,1,3,Thursday,2,1,2025
2025-02-21,3384.6,10.0,338.46,397.8,106.42825909190348,497.25,9.0,1,4,Friday,2,1,2025
2025-02-22,2835.42,8.0,354.4275,397.8,81.35471041766948,397.8,8.0,1,5,Saturday,2,1,2025
2025-02-23,3185.7000000000003,9.0,353.9666666666667,397.8,132.1190183130347,596.7,9.0,1,6,Sunday,2,1,2025
2025-02-24,2984.6000000000004,7.0,426.3714285714286,397.8,261.1647147190556,994.5,7.0,1,0,Monday,2,1,2025
2025-02-25,1193.4,3.0,397.8,397.8,0.0,397.8,3.0,1,1,Tuesday,2,1,2025
2025-02-26,200.0,1.0,200.0,200.0,0.0,200.0,1.0,1,2,Wednesday,2,1,2025
2025-02-27,3381.3,6.0,563.5500000000001,397.8,312.3848875986161,1093.95,6.0,1,3,Thursday,2,1,2025
2025-02-28,5171.400000000001,11.0,470.1272727272728,397.8,209.03864399153136,1093.95,11.0,1,4,Friday,2,1,2025
2025-03-01,4973.6,9.0,552.6222222222223,397.8,385.398705977906,1491.75,8.0,1,5,Saturday,3,1,2025
2025-03-02,3585.7,10.0,358.57,298.9,244.1049776450925,994.5,10.0,1,6,Sunday,3,1,2025
2025-03-03,4832.38,7.0,690.34,397.8,606.4571702656888,1947.23,7.0,1,0,Monday,3,1,2025
2025-03-04,3182.4,6.0,530.4,397.8,264.3699510156175,994.5,6.0,1,1,Tuesday,3,1,2025
2025-03-05,1393.4,3.0,464.4666666666667,397.8,303.34497413560905,795.6,3.0,1,2,Wednesday,3,1,2025
2025-03-06,3879.65,8.0,484.95625,397.8,302.60899150731035,1093.95,7.0,1,3,Thursday,3,1,2025
2025-03-07,4873.05,9.0,541.45,397.8,333.9769958395338,1392.3,9.0,1,4,Friday,3,1,2025
2025-03-08,4277.45,11.0,388.85909090909087,397.8,69.37997123875816,497.25,11.0,1,5,Saturday,3,1,2025
2025-03-09,2784.6,6.0,464.09999999999997,397.8,162.4011699465247,795.6,6.0,1,6,Sunday,3,1,2025
2025-03-10,1392.3000000000002,3.0,464.1000000000001,397.8,114.8349685418166,596.7,3.0,1,0,Monday,3,1,2025
2025-03-11,1790.1,3.0,596.6999999999999,397.8,344.5049056254497,994.5,3.0,1,1,Tuesday,3,1,2025
2025-03-12,2191.2,7.0,313.0285714285714,397.8,105.7285473005551,397.8,7.0,1,2,Wednesday,3,1,2025
2025-03-13,1790.1,3.0,596.6999999999999,397.8,344.5049056254497,994.5,3.0,1,3,Thursday,3,1,2025
2025-03-14,4972.5,8.0,621.5625,397.8,313.3633271801737,1093.95,8.0,1,4,Friday,3,1,2025
2025-03-15,5073.05,9.0,563.6722222222222,397.8,385.03817108754873,1491.75,9.0,1,5,Saturday,3,1,2025
2025-03-16,3583.5,10.0,358.35,397.8,125.33187277517774,596.7,10.0,1,6,Sunday,3,1,2025
2025-03-17,1093.95,3.0,364.65000000000003,397.8,57.41748427090828,397.8,3.0,1,0,Monday,3,1,2025
2025-03-18,3580.2,8.0,447.525,397.8,225.5314010446059,994.5,7.0,1,1,Tuesday,3,1,2025
2025-03-19,995.6,3.0,331.8666666666667,397.8,114.19988324570798,397.8,3.0,1,2,Wednesday,3,1,2025
2025-03-20,2685.15,5.0,537.03,397.8,311.32774450729573,1093.95,5.0,1,3,Thursday,3,1,2025
2025-03-21,1990.1,4.0,497.525,497.25,256.3530036882736,795.6,4.0,1,4,Friday,3,1,2025
2025-03-22,4477.45,10.0,447.745,397.8,248.93329701169165,895.05,10.0,1,5,Saturday,3,1,2025
2025-03-23,1991.2,6.0,331.8666666666667,397.8,102.14348078397694,397.8,6.0,1,6,Sunday,3,1,2025
2025-03-24,1193.4,3.0,397.8,397.8,0.0,397.8,3.0,1,0,Monday,3,1,2025
2025-03-25,696.1500000000001,2.0,348.07500000000005,348.07500000000005,70.32176938900213,397.8,2.0,1,1,Tuesday,3,1,2025
2025-03-26,1790.1000000000001,3.0,596.7,596.7,198.9,795.6,3.0,1,2,Wednesday,3,1,2025
2025-03-27,1691.2,5.0,338.24,397.8,133.1802087398875,397.8,5.0,1,3,Thursday,3,1,2025
2025-03-28,1791.2,5.0,358.24,397.8,88.45884918989168,397.8,5.0,1,4,Friday,3,1,2025
2025-03-29,3781.3,10.0,378.13,397.8,102.28565447369006,497.25,10.0,1,5,Saturday,3,1,2025
2025-03-30,1193.4,3.0,397.8,397.8,0.0,397.8,3.0,1,6,Sunday,3,1,2025
2025-03-31,2984.6,8.0,373.075,397.8,102.67524739961152,497.25,7.0,1,0,Monday,3,1,2025
2025-04-01,5669.75,8.0,708.71875,397.8,754.3621127139236,2486.25,8.0,1,1,Tuesday,4,2,2025
2025-04-02,597.8,2.0,298.9,298.9,139.8657213186991,397.8,2.0,1,2,Wednesday,4,2,2025
2025-04-03,2784.6,7.0,397.8,397.8,0.0,397.8,7.0,1,3,Thursday,4,2,2025
2025-04-04,3383.5,9.0,375.94444444444446,298.35,184.30841754455432,795.6,8.0,1,4,Friday,4,2,2025
2025-04-05,3282.95,8.0,410.36875,397.8,134.6284700773099,696.15,8.0,1,5,Saturday,4,2,2025
2025-04-06,1491.75,4.0,372.9375,397.8,49.72499999999999,397.8,4.0,1,6,Sunday,4,2,2025
2025-04-07,6066.45,13.0,466.65,397.8,220.0843531466969,994.5,12.0,1,0,Monday,4,2,2025
2025-04-08,3581.2999999999997,6.0,596.8833333333333,397.8,589.8845799532877,1790.1,5.0,1,1,Tuesday,4,2,2025
2025-04-09,1193.4,3.0,397.8,397.8,0.0,397.8,3.0,1,2,Wednesday,4,2,2025
2025-04-10,1889.5500000000002,5.0,377.91,397.8,44.47539207247082,397.8,4.0,1,3,Thursday,4,2,2025
2025-04-11,3780.2000000000003,10.0,378.02000000000004,397.8,78.16859343751811,497.25,10.0,1,4,Friday,4,2,2025
2025-04-12,5968.1,10.0,596.8100000000001,397.8,532.3766392320384,1989.0,9.0,1,5,Saturday,4,2,2025
2025-04-13,1193.4,3.0,397.8,397.8,0.0,397.8,3.0,1,6,Sunday,4,2,2025
2025-04-14,2287.35,5.0,457.46999999999997,397.8,88.95078414494164,596.7,5.0,1,0,Monday,4,2,2025
2025-04-15,2885.15,7.0,412.1642857142857,397.8,185.20963508568184,795.6,7.0,1,1,Tuesday,4,2,2025
2025-04-16,1791.2,5.0,358.24,397.8,88.4588491898917,397.8,5.0,1,2,Wednesday,4,2,2025
2025-04-17,3281.8500000000004,8.0,410.23125000000005,397.8,82.99330841141007,596.7,8.0,1,3,Thursday,4,2,2025
2025-04-18,2088.45,5.0,417.68999999999994,397.8,44.4753920724708,497.25,5.0,1,4,Friday,4,2,2025
2025-04-19,2784.6,7.0,397.8,397.8,0.0,397.8,7.0,1,5,Saturday,4,2,2025
2025-04-20,1591.2,4.0,397.8,397.8,0.0,397.8,4.0,1,6,Sunday,4,2,2025
2025-04-21,1791.2,4.0,447.8,397.8,249.91310489848271,795.6,4.0,1,0,Monday,4,2,2025
2025-04-22,2288.45,6.0,381.4083333333333,397.8,97.36839536865473,497.25,6.0,1,1,Tuesday,4,2,2025
2025-04-23,1989.0,5.0,397.8,397.8,0.0,397.8,5.0,1,2,Wednesday,4,2,2025
2025-04-24,2090.65,6.0,348.44166666666666,397.8,121.2621227616714,497.25,6.0,1,3,Thursday,4,2,2025
2025-04-25,2187.9,4.0,546.975,397.8,298.34999999999997,994.5,4.0,1,4,Friday,4,2,2025
2025-04-26,3679.65,9.0,408.85,397.8,116.02499999999999,696.15,9.0,1,5,Saturday,4,2,2025
2025-04-27,2587.9,8.0,323.4875,348.07500000000005,87.71015884312213,397.8,7.0,1,6,Sunday,4,2,2025
2025-04-28,2791.2,10.0,279.12,200.0,102.14348078397695,397.8,10.0,1,0,Monday,4,2,2025
2025-04-29,2288.45,6.0,381.4083333333333,397.8,97.36839536865473,497.25,6.0,1,1,Tuesday,4,2,2025
2025-04-30,1591.2,4.0,397.8,397.8,0.0,397.8,4.0,1,2,Wednesday,4,2,2025
2025-05-01,7360.400000000001,15.0,490.6933333333334,397.8,244.85793320286967,1093.95,14.0,1,3,Thursday,5,2,2025
2025-05-02,7458.75,14.0,532.7678571428571,397.8,356.6726432799209,1591.2,14.0,1,4,Friday,5,2,2025
2025-05-03,5770.3,10.0,577.03,447.525,428.94623219129824,1591.2,10.0,1,5,Saturday,5,2,2025
2025-05-04,2389.0,7.0,341.2857142857143,397.8,96.51651721460993,397.8,7.0,1,6,Sunday,5,2,2025
2025-05-05,1791.2,5.0,358.24,397.8,88.45884918989168,397.8,5.0,1,0,Monday,5,2,2025
2025-05-06,1591.2,4.0,397.8,397.8,0.0,397.8,4.0,1,1,Tuesday,5,2,2025
2025-05-07,1392.3,3.0,464.09999999999997,497.25,57.417484270908275,497.25,3.0,1,2,Wednesday,5,2,2025
2025-05-08,2785.7,6.0,464.2833333333333,397.8,271.5347227642658,994.5,6.0,1,3,Thursday,5,2,2025
2025-05-09,2685.15,6.0,447.52500000000003,397.8,83.20583963881383,596.7,6.0,1,4,Friday,5,2,2025
2025-05-10,6466.45,16.0,404.153125,397.8,171.95834327800634,994.5,15.0,1,5,Saturday,5,2,2025
2025-05-11,3580.2000000000003,8.0,447.52500000000003,397.8,140.6435387780043,795.6,8.0,1,6,Sunday,5,2,2025
2025-05-12,2386.8,5.0,477.36,397.8,177.90156828988327,795.6,5.0,1,0,Monday,5,2,2025
2025-05-13,3679.65,5.0,735.9300000000001,497.25,442.5245637249982,1392.3,4.0,1,1,Tuesday,5,2,2025
2025-05-14,2585.7,4.0,646.425,397.8,497.25,1392.3,4.0,1,2,Wednesday,5,2,2025
2025-05-15,4724.42,11.0,429.4927272727273,397.8,211.1990499074704,994.5,11.0,1,3,Thursday,5,2,2025
2025-05-16,2288.45,6.0,381.4083333333333,397.8,97.36839536865473,497.25,6.0,1,4,Friday,5,2,2025
2025-05-17,7459.84,14.0,532.8457142857143,397.8,286.539897039844,1093.95,14.0,1,5,Saturday,5,2,2025
2025-05-18,3783.5,12.0,315.2916666666667,348.07500000000005,92.73053050575515,397.8,12.0,1,6,Sunday,5,2,2025
2025-05-19,2585.7000000000003,6.0,430.95000000000005,397.8,81.20058497326237,596.7,6.0,1,0,Monday,5,2,2025
2025-05-20,6068.65,8.0,758.58125,397.8,866.6804543517508,2784.6,8.0,1,1,Tuesday,5,2,2025
2025-05-21,1093.95,3.0,364.65000000000003,397.8,57.41748427090826,397.8,3.0,1,2,Wednesday,5,2,2025
2025-05-22,6365.9,10.0,636.5899999999999,397.8,509.586534358984,1889.55,10.0,1,3,Thursday,5,2,2025
2025-05-23,5969.75,11.0,542.7045454545455,397.8,489.7600680203243,1790.1,11.0,1,4,Friday,5,2,2025
2025-05-24,5969.2,14.0,426.37142857142857,397.8,207.79728168271424,1093.95,14.0,1,5,Saturday,5,2,2025
2025-05-25,797.8,3.0,265.93333333333334,200.0,114.199883245708,397.8,3.0,1,6,Sunday,5,2,2025
2025-05-26,4478.55,9.0,497.6166666666667,397.8,384.8489330243751,1292.85,9.0,1,0,Monday,5,2,2025
2025-05-27,5370.3,10.0,537.03,397.8,411.9145955170805,1690.65,10.0,1,1,Tuesday,5,2,2025
2025-05-28,1791.2,5.0,358.24,397.8,88.45884918989168,397.8,5.0,1,2,Wednesday,5,2,2025
2025-05-29,3781.3,7.0,540.1857142857143,397.8,323.69095692533347,994.5,7.0,1,3,Thursday,5,2,2025
2025-05-30,4674.150000000001,11.0,424.92272727272734,397.8,109.4032186995345,735.93,10.0,1,4,Friday,5,2,2025
2025-05-31,3384.6,9.0,376.06666666666666,397.8,184.17665432947794,795.6,9.0,1,5,Saturday,5,2,2025
2025-06-01,4575.8,11.0,415.9818181818182,397.8,115.92734852640956,696.15,10.0,1,6,Sunday,6,2,2025
2025-06-02,9153.8,20.0,457.68999999999994,397.8,276.2173879773911,1292.85,20.0,1,0,Monday,6,2,2025
2025-06-03,2585.7000000000003,6.0,430.95000000000005,397.8,81.20058497326238,596.7,6.0,1,1,Tuesday,6,2,2025
2025-06-04,4974.7,10.0,497.46999999999997,397.8,284.9116005204266,994.5,10.0,1,2,Wednesday,6,2,2025
2025-06-05,6663.150000000001,15.0,444.21000000000004,397.8,111.9272821969693,795.6,15.0,1,3,Thursday,6,2,2025
2025-06-06,5469.75,11.0,497.25,397.8,301.64678516437067,1392.3,11.0,1,4,Friday,6,2,2025
2025-06-07,3480.75,9.0,386.75,397.8,33.149999999999984,397.8,9.0,1,5,Saturday,6,2,2025
2025-06-08,4775.8,12.0,397.98333333333335,397.8,146.62695915661334,795.6,12.0,1,6,Sunday,6,2,2025
2025-06-09,1991.2,6.0,331.8666666666667,397.8,102.14348078397694,397.8,6.0,1,0,Monday,6,2,2025
2025-06-10,3601.19,8.0,450.14875,397.8,198.1143912301678,895.05,8.0,1,1,Tuesday,6,2,2025
2025-06-11,995.6,3.0,331.8666666666667,397.8,114.19988324570798,397.8,3.0,1,2,Wednesday,6,2,2025
2025-06-12,4280.75,10.0,428.075,397.8,288.79867194408405,994.5,9.0,1,3,Thursday,6,2,2025
2025-06-13,3680.75,9.0,408.97222222222223,397.8,126.00307315476256,696.15,9.0,1,4,Friday,6,2,2025
2025-06-14,8853.8,19.0,465.9894736842105,397.8,358.53069006205624,1790.1,18.0,1,5,Saturday,6,2,2025
2025-06-15,2486.25,6.0,414.375,397.8,116.26154458805371,596.7,6.0,1,6,Sunday,6,2,2025
2025-06-16,3878.55,7.0,554.0785714285714,397.8,262.2234747582407,1093.95,7.0,1,0,Monday,6,2,2025
2025-06-17,5968.1,10.0,596.8100000000001,397.8,544.6209287201511,1989.0,10.0,1,1,Tuesday,6,2,2025
2025-06-18,2784.6,4.0,696.15,447.525,532.4678440995287,1491.75,4.0,1,2,Wednesday,6,2,2025
2025-06-19,6069.75,15.0,404.65,397.8,207.2430431367273,1093.95,14.0,1,3,Thursday,6,2,2025
2025-06-20,5968.1,9.0,663.1222222222223,397.8,636.6905916098058,2187.9,9.0,1,4,Friday,6,2,2025
2025-06-21,5071.95,10.0,507.195,397.8,245.62338091069424,1093.95,10.0,1,5,Saturday,6,2,2025
2025-06-22,6066.450000000001,11.0,551.4954545454547,397.8,348.39773998588555,1392.3,11.0,1,6,Sunday,6,2,2025
2025-06-23,2685.15,6.0,447.52500000000003,397.8,175.09979368919886,795.6,6.0,1,0,Monday,6,2,2025
2025-06-24,3431.02,8.0,428.8775,397.8,157.10461680494492,795.6,8.0,1,1,Tuesday,6,2,2025
2025-06-25,697.25,2.0,348.625,348.625,210.18749070770124,497.25,2.0,1,2,Wednesday,6,2,2025
2025-06-26,7558.75,13.0,581.4423076923077,397.8,478.35926694194063,1989.0,12.0,1,3,Thursday,6,2,2025
2025-06-27,200.0,1.0,200.0,200.0,0.0,200.0,1.0,1,4,Friday,6,2,2025
2025-06-28,0.0,0.0,0.0,0.0,0.0,0.0,0.0,0,5,Saturday,6,2,2025
2025-06-29,0.0,0.0,0.0,0.0,0.0,0.0,0.0,0,6,Sunday,6,2,2025
2025-06-30,0.0,0.0,0.0,0.0,0.0,0.0,0.0,0,0,Monday,6,2,2025
2025-07-01,0.0,0.0,0.0,0.0,0.0,0.0,0.0,0,1,Tuesday,7,3,2025
2025-07-02,0.0,0.0,0.0,0.0,0.0,0.0,0.0,0,2,Wednesday,7,3,2025
2025-07-03,397.8,1.0,397.8,397.8,0.0,397.8,1.0,1,3,Thursday,7,3,2025
2025-07-04,0.0,0.0,0.0,0.0,0.0,0.0,0.0,0,4,Friday,7,3,2025
2025-07-05,0.0,0.0,0.0,0.0,0.0,0.0,0.0,0,5,Saturday,7,3,2025
2025-07-06,0.0,0.0,0.0,0.0,0.0,0.0,0.0,0,6,Sunday,7,3,2025
2025-07-07,0.0,0.0,0.0,0.0,0.0,0.0,0.0,0,0,Monday,7,3,2025
2025-07-08,0.0,0.0,0.0,0.0,0.0,0.0,0.0,0,1,Tuesday,7,3,2025
2025-07-09,0.0,0.0,0.0,0.0,0.0,0.0,0.0,0,2,Wednesday,7,3,2025
2025-07-10,0.0,0.0,0.0,0.0,0.0,0.0,0.0,0,3,Thursday,7,3,2025
2025-07-11,0.0,0.0,0.0,0.0,0.0,0.0,0.0,0,4,Friday,7,3,2025
2025-07-12,0.0,0.0,0.0,0.0,0.0,0.0,0.0,0,5,Saturday,7,3,2025
2025-07-13,3481.85,9.0,386.8722222222222,397.8,77.41155885553813,497.25,9.0,1,6,Sunday,7,3,2025
2025-07-14,3829.92,10.0,382.992,397.8,81.09305680649989,497.25,10.0,1,0,Monday,7,3,2025
2025-07-15,1591.2,4.0,397.8,397.8,0.0,397.8,4.0,1,1,Tuesday,7,3,2025
2025-07-16,1990.65,6.0,331.77500000000003,248.9,312.1398016113933,895.05,6.0,1,2,Wednesday,7,3,2025
2025-07-17,3679.65,9.0,408.85,397.8,33.15,497.25,9.0,1,3,Thursday,7,3,2025
2025-07-18,7111.77,11.0,646.5245454545455,397.8,519.0483641504641,1839.82,11.0,1,4,Friday,7,3,2025
2025-07-19,6167.0,12.0,513.9166666666666,397.8,322.38974107672095,1491.75,12.0,1,5,Saturday,7,3,2025
2025-07-20,3084.05,7.0,440.5785714285715,397.8,180.02311855505036,795.6,7.0,1,6,Sunday,7,3,2025
2025-07-21,3580.2000000000003,8.0,447.52500000000003,397.8,130.21061510381662,696.15,7.0,1,0,Monday,7,3,2025
2025-07-22,1690.65,4.0,422.6625,397.8,49.72499999999999,497.25,4.0,1,1,Tuesday,7,3,2025
2025-07-23,3184.6,6.0,530.7666666666667,397.8,369.9380092213649,994.5,6.0,1,2,Wednesday,7,3,2025
2025-07-24,0.0,0.0,0.0,0.0,0.0,0.0,0.0,0,3,Thursday,7,3,2025
2025-07-25,6167.0,7.0,881.0,497.25,818.7837504494089,2486.25,7.0,1,4,Friday,7,3,2025
2025-07-26,8505.17,20.0,425.2585,397.8,208.6545439432314,994.5,18.0,1,5,Saturday,7,3,2025
2025-07-27,2288.45,5.0,457.68999999999994,397.8,259.06000366710407,895.05,5.0,1,6,Sunday,7,3,2025
2025-07-28,3185.7000000000003,9.0,353.9666666666667,397.8,157.71227560022078,696.15,9.0,1,0,Monday,7,3,2025
2025-07-29,5669.75,12.0,472.4791666666667,397.8,300.1366752742773,1392.3,11.0,1,1,Tuesday,7,3,2025
2025-07-30,3978.55,6.0,663.0916666666667,397.8,807.0423331007281,2287.35,6.0,1,2,Wednesday,7,3,2025
2025-07-31,3830.2,10.0,383.02,397.8,168.9208299108721,696.15,10.0,1,3,Thursday,7,3,2025
2025-08-01,4280.75,11.0,389.15909090909093,397.8,232.68000324284617,994.5,11.0,1,4,Friday,8,3,2025
2025-08-02,5270.85,12.0,439.2375,397.8,182.1879650313728,994.5,11.0,1,5,Saturday,8,3,2025
2025-08-03,3183.5,8.0,397.9375,397.8,91.73353783805418,497.25,8.0,1,6,Sunday,8,3,2025
2025-08-04,5024.150000000001,10.0,502.4150000000001,397.8,314.6610566678586,1193.4,10.0,1,0,Monday,8,3,2025
2025-08-05,2088.45,4.0,522.1125,397.8,318.39535270634843,994.5,3.0,1,1,Tuesday,8,3,2025
2025-08-06,1690.65,4.0,422.6625,397.8,49.72499999999999,497.25,4.0,1,2,Wednesday,8,3,2025
2025-08-07,5174.7,10.0,517.47,397.8,431.4442748876537,1491.75,10.0,1,3,Thursday,8,3,2025
2025-08-08,5073.05,8.0,634.13125,397.8,539.2070738842227,1790.1,7.0,1,4,Friday,8,3,2025
2025-08-09,5918.37,10.0,591.837,397.8,452.27337961925446,1690.65,10.0,1,5,Saturday,8,3,2025
2025-08-10,3281.85,7.0,468.8357142857143,397.8,234.74052468325837,994.5,6.0,1,6,Sunday,8,3,2025
2025-08-11,2487.35,7.0,355.3357142857143,397.8,77.88092788720117,397.8,7.0,1,0,Monday,8,3,2025
2025-08-12,1491.75,4.0,372.9375,348.07500000000005,95.2161258663678,497.25,4.0,1,1,Tuesday,8,3,2025
2025-08-13,3382.4,6.0,563.7333333333333,546.975,232.17825623142807,895.05,6.0,1,2,Wednesday,8,3,2025
2025-08-14,6615.62,15.0,441.04133333333334,397.8,251.2059433688016,1193.4,15.0,1,3,Thursday,8,3,2025
2025-08-15,3779.1000000000004,10.0,377.91,397.8,41.93180177383271,397.8,10.0,1,4,Friday,8,3,2025
2025-08-16,3382.4,9.0,375.82222222222225,397.8,82.58195970939686,497.25,8.0,1,5,Saturday,8,3,2025
2025-08-17,1991.2,5.0,398.24,497.25,185.46598542589962,596.7,5.0,1,6,Sunday,8,3,2025
2025-08-18,1393.4,4.0,348.35,397.8,98.9,397.8,4.0,1,0,Monday,8,3,2025
2025-08-19,5968.1,13.0,459.0846153846154,397.8,285.67604568273316,1392.3,11.0,1,1,Tuesday,8,3,2025
2025-08-20,2585.7000000000003,6.0,430.95000000000005,397.8,81.20058497326238,596.7,5.0,1,2,Wednesday,8,3,2025
2025-08-21,4574.7,9.0,508.29999999999995,497.25,188.9840767101821,994.5,9.0,1,3,Thursday,8,3,2025
2025-08-22,7063.15,14.0,504.51071428571424,397.8,522.4623818547099,2287.35,11.0,1,4,Friday,8,3,2025
2025-08-23,7062.05,11.0,642.0045454545455,397.8,429.62957326896475,1491.75,11.0,1,5,Saturday,8,3,2025
2025-08-24,6565.9,14.0,468.99285714285713,397.8,271.2876417392424,1093.95,14.0,1,6,Sunday,8,3,2025
2025-08-25,5274.150000000001,14.0,376.725,397.8,141.28827017293946,696.15,13.0,1,0,Monday,8,3,2025
2025-08-26,5571.4,11.0,506.49090909090904,397.8,306.1583053080398,1292.85,11.0,1,1,Tuesday,8,3,2025
2025-08-27,4080.75,9.0,453.4166666666667,397.8,294.2881347421265,994.5,8.0,1,2,Wednesday,8,3,2025
2025-08-28,1791.2,5.0,358.24,397.8,88.45884918989168,397.8,5.0,1,3,Thursday,8,3,2025
2025-08-29,4375.8,10.0,437.58000000000004,397.8,51.35575917071034,497.25,10.0,1,4,Friday,8,3,2025
2025-08-30,3779.1000000000004,4.0,944.7750000000001,745.875,780.9622189965402,1989.0,4.0,1,5,Saturday,8,3,2025
2025-08-31,3581.3,8.0,447.6625,397.8,231.54313968613772,994.5,8.0,1,6,Sunday,8,3,2025
2025-09-01,5071.95,11.0,461.0863636363636,397.8,190.11722711383769,994.5,11.0,1,0,Monday,9,3,2025
2025-09-02,4276.35,10.0,427.63500000000005,397.8,67.1236340643145,596.7,10.0,1,1,Tuesday,9,3,2025
2025-09-03,1193.4,3.0,397.8,397.8,0.0,397.8,3.0,1,2,Wednesday,9,3,2025
2025-09-04,2585.7,6.0,430.95,397.8,51.355759170710336,497.25,6.0,1,3,Thursday,9,3,2025
2025-09-05,3580.2,5.0,716.04,696.15,275.9625504484258,994.5,5.0,1,4,Friday,9,3,2025
2025-09-06,8554.9,16.0,534.68125,447.525,292.323112824947,1193.4,16.0,1,5,Saturday,9,3,2025
2025-09-07,3281.85,8.0,410.23125,397.8,63.734515976711656,497.25,7.0,1,6,Sunday,9,3,2025
2025-09-08,4176.9,9.0,464.09999999999997,397.8,198.9,994.5,9.0,1,0,Monday,9,3,2025
2025-09-09,1691.75,5.0,338.35,397.8,88.5206614299735,397.8,5.0,1,1,Tuesday,9,3,2025
2025-09-10,6863.15,8.0,857.89375,596.7,650.7584626734188,1889.55,7.0,1,2,Wednesday,9,3,2025
2025-09-11,3779.1,7.0,539.8714285714285,397.8,334.0944899490049,1292.85,7.0,1,3,Thursday,9,3,2025
2025-09-12,4774.15,9.0,530.4611111111111,497.25,294.07639290006114,1193.4,9.0,1,4,Friday,9,3,2025
2025-09-13,9947.2,15.0,663.1466666666668,397.8,563.2813714130376,2386.8,14.0,1,5,Saturday,9,3,2025
2025-09-14,3881.85,11.0,352.8954545454545,397.8,111.74293144209493,497.25,11.0,1,6,Sunday,9,3,2025
2025-09-15,3879.1,8.0,484.8875,397.8,346.2071600625432,1292.85,6.0,1,0,Monday,9,3,2025
2025-09-16,2688.45,8.0,336.05625,348.07500000000005,129.03327488204627,497.25,8.0,1,1,Tuesday,9,3,2025
2025-09-17,3480.75,6.0,580.125,397.8,446.603217352943,1491.75,4.0,1,2,Wednesday,9,3,2025
2025-09-18,5171.400000000001,8.0,646.4250000000001,397.8,438.3542500893867,1491.75,8.0,1,3,Thursday,9,3,2025
2025-09-19,4873.05,9.0,541.45,397.8,233.819148862962,994.5,8.0,1,4,Friday,9,3,2025
2025-09-20,4873.05,11.0,443.00454545454545,397.8,128.6226213668215,795.6,11.0,1,5,Saturday,9,3,2025
2025-09-21,5868.65,13.0,451.43461538461537,397.8,160.29334617170818,895.05,13.0,1,6,Sunday,9,3,2025
2025-09-22,2387.9,6.0,397.98333333333335,397.8,108.54053927757438,497.25,6.0,1,0,Monday,9,3,2025
2025-09-23,4526.07,11.0,411.46090909090907,397.8,94.337482524662,497.25,11.0,1,1,Tuesday,9,3,2025
2025-09-24,1592.8500000000001,5.0,318.57000000000005,298.35,190.96742392355824,596.7,5.0,1,2,Wednesday,9,3,2025
2025-09-25,2586.8,5.0,517.36,497.25,293.03727024049346,994.5,5.0,1,3,Thursday,9,3,2025
2025-09-26,3084.05,6.0,514.0083333333333,397.8,437.4972301817083,1392.3,6.0,1,4,Friday,9,3,2025
2025-09-27,9449.12,20.0,472.456,397.8,271.07704592101334,1392.3,18.0,1,5,Saturday,9,3,2025
2025-09-28,9052.15,15.0,603.4766666666667,397.8,391.3127078303537,1491.75,13.0,1,6,Sunday,9,3,2025
2025-09-29,5769.2,13.0,443.7846153846154,397.8,179.69110809086538,994.5,12.0,1,0,Monday,9,3,2025
2025-09-30,4674.15,10.0,467.41499999999996,447.525,94.3465539911236,696.15,8.0,1,1,Tuesday,9,3,2025
2025-10-01,795.6,2.0,397.8,397.8,0.0,397.8,2.0,1,2,Wednesday,10,4,2025
2025-10-02,3679.65,7.0,525.6642857142857,497.25,212.63304406552487,994.5,6.0,1,3,Thursday,10,4,2025
2025-10-03,6712.87,13.0,516.3746153846154,397.8,355.99905214329306,1690.65,13.0,1,4,Friday,10,4,2025
2025-10-04,6465.35,11.0,587.7590909090909,397.8,408.59373943942273,1292.85,10.0,1,5,Saturday,10,4,2025
2025-10-05,5818.92,15.0,387.928,397.8,70.61311828750883,497.25,15.0,1,6,Sunday,10,4,2025
2025-10-06,2983.5,7.0,426.2142857142857,397.8,48.526631127365825,497.25,7.0,1,0,Monday,10,4,2025
2025-10-07,5172.5,9.0,574.7222222222222,397.8,446.79523421747064,1491.75,9.0,1,1,Tuesday,10,4,2025
2025-10-08,1492.85,4.0,373.2125,397.8,124.62873113772764,497.25,4.0,1,2,Wednesday,10,4,2025
2025-10-09,6863.150000000001,13.0,527.9346153846154,397.8,267.30933499771965,1093.95,12.0,1,3,Thursday,10,4,2025
2025-10-10,4574.7,9.0,508.29999999999995,397.8,213.55393639546895,994.5,9.0,1,4,Friday,10,4,2025
2025-10-11,6116.17,12.0,509.68083333333334,397.8,279.78499496637295,1193.4,12.0,1,5,Saturday,10,4,2025
2025-10-12,2386.8,6.0,397.8,397.8,62.89770266074906,497.25,6.0,1,6,Sunday,10,4,2025
2025-10-13,7957.1,11.0,723.3727272727273,497.25,733.5509714272201,2685.15,9.0,1,0,Monday,10,4,2025
2025-10-14,3082.9500000000003,6.0,513.825,397.8,238.81808505638762,994.5,5.0,1,1,Tuesday,10,4,2025
2025-10-15,2089.55,6.0,348.2583333333334,397.8,82.81169251178645,397.8,6.0,1,2,Wednesday,10,4,2025
2025-10-16,5668.650000000001,11.0,515.3318181818182,397.8,242.86244591612692,1193.4,10.0,1,3,Thursday,10,4,2025
2025-10-17,497.25,1.0,497.25,497.25,0.0,497.25,1.0,1,4,Friday,10,4,2025
2025-10-18,3285.15,10.0,328.515,397.8,93.84426238898857,397.8,9.0,1,5,Saturday,10,4,2025
2025-10-19,1889.5500000000002,2.0,944.7750000000001,944.7750000000001,210.9653081670064,1093.95,2.0,1,6,Sunday,10,4,2025
2025-10-20,9151.6,13.0,703.9692307692308,397.8,613.5204382423015,1989.0,12.0,1,0,Monday,10,4,2025
2025-10-21,2486.25,6.0,414.375,397.8,40.600292486631176,497.25,6.0,1,1,Tuesday,10,4,2025
2025-10-22,3481.85,8.0,435.23125,497.25,105.1309147733027,497.25,7.0,1,2,Wednesday,10,4,2025
2025-10-23,2288.45,6.0,381.4083333333333,397.8,97.36839536865473,497.25,6.0,1,3,Thursday,10,4,2025
2025-10-24,5968.1,10.0,596.8100000000001,447.525,363.0063098625146,1292.85,9.0,1,4,Friday,10,4,2025
2025-10-25,6663.15,13.0,512.55,497.25,214.2455308752087,1193.4,13.0,1,5,Saturday,10,4,2025
2025-10-26,2984.6,8.0,373.075,397.8,183.93356331644782,596.7,7.0,1,6,Sunday,10,4,2025
2025-10-27,8951.6,15.0,596.7733333333333,497.25,356.50890785638495,1591.2,14.0,1,0,Monday,10,4,2025
2025-10-28,7558.2,7.0,1079.742857142857,397.8,1140.324206248882,2983.5,7.0,1,1,Tuesday,10,4,2025
2025-10-29,994.5,1.0,994.5,994.5,0.0,994.5,1.0,1,2,Wednesday,10,4,2025
2025-10-30,7013.150000000001,16.0,438.32187500000003,397.8,199.74039064808605,1093.95,16.0,1,3,Thursday,10,4,2025
2025-10-31,4574.7,10.0,457.46999999999997,397.8,176.66182100272823,895.05,10.0,1,4,Friday,10,4,2025
2025-11-01,3382.4,7.0,483.2,397.8,321.7276487963072,1193.4,7.0,1,5,Saturday,11,4,2025
2025-11-02,5271.95,11.0,479.2681818181818,397.8,254.66605611342015,1193.4,11.0,1,6,Sunday,11,4,2025
2025-11-03,3281.85,8.0,410.23125,397.8,63.734515976711656,497.25,8.0,1,0,Monday,11,4,2025
2025-11-04,4178.0,11.0,379.8181818181818,397.8,97.42168719727468,497.25,11.0,1,1,Tuesday,11,4,2025
2025-11-05,4575.8,7.0,653.6857142857143,497.25,462.22548223629065,1491.75,7.0,1,2,Wednesday,11,4,2025
2025-11-06,3879.65,9.0,431.07222222222225,397.8,157.0416407977338,795.6,9.0,1,3,Thursday,11,4,2025
2025-11-07,4677.45,11.0,425.22272727272724,397.8,222.4464546398036,994.5,11.0,1,4,Friday,11,4,2025
2025-11-08,6269.75,17.0,368.80882352941177,397.8,109.44821012026377,497.25,15.0,1,5,Saturday,11,4,2025
2025-11-09,1691.75,5.0,338.35,397.8,88.52066142997352,397.8,5.0,1,6,Sunday,11,4,2025
2025-11-10,8554.9,12.0,712.9083333333333,497.25,603.7690131895465,2088.45,10.0,1,0,Monday,11,4,2025
2025-11-11,4326.07,10.0,432.60699999999997,397.8,119.63744183991898,745.87,8.0,1,1,Tuesday,11,4,2025
2025-11-12,1591.75,5.0,318.35,397.8,129.43495470698787,397.8,4.0,1,2,Wednesday,11,4,2025
2025-11-13,4973.6,5.0,994.72,397.8,1059.2978786677522,2685.15,4.0,1,3,Thursday,11,4,2025
2025-11-14,2785.7,5.0,557.14,397.8,425.2009721884464,1292.85,5.0,1,4,Friday,11,4,2025
2025-11-15,7460.4,15.0,497.35999999999996,397.8,298.21917826611065,1392.3,12.0,1,5,Saturday,11,4,2025
2025-11-16,2189.0,6.0,364.8333333333333,397.8,102.35686428699677,497.25,5.0,1,6,Sunday,11,4,2025
2025-11-17,7558.2,14.0,539.8714285714285,397.8,291.15978676419485,1392.3,14.0,1,0,Monday,11,4,2025
2025-11-18,896.1500000000001,3.0,298.7166666666667,298.35,98.90050977286892,397.8,3.0,1,1,Tuesday,11,4,2025
2025-11-19,2288.45,5.0,457.68999999999994,397.8,259.06000366710407,895.05,5.0,1,2,Wednesday,11,4,2025
2025-11-20,2287.35,5.0,457.46999999999997,497.25,54.47100834388876,497.25,5.0,1,3,Thursday,11,4,2025
2025-11-21,5868.65,12.0,489.0541666666666,397.8,272.9358711378698,1093.95,11.0,1,4,Friday,11,4,2025
2025-11-22,4277.45,9.0,475.2722222222222,397.8,257.16579539169754,994.5,9.0,1,5,Saturday,11,4,2025
2025-11-23,2884.05,7.0,412.00714285714287,397.8,68.6270198765971,497.25,7.0,1,6,Sunday,11,4,2025
2025-11-24,5473.05,13.0,421.00384615384615,397.8,207.3397940394166,994.5,11.0,1,0,Monday,11,4,2025
2025-11-25,4972.5,8.0,621.5625,397.8,483.5648964794104,1690.65,8.0,1,1,Tuesday,11,4,2025
2025-11-26,4475.25,8.0,559.40625,497.25,248.97992523423017,994.5,8.0,1,2,Wednesday,11,4,2025
2025-11-27,6466.45,12.0,538.8708333333333,397.8,502.43568220597945,1989.0,12.0,1,3,Thursday,11,4,2025
2025-11-28,6762.6,9.0,751.4000000000001,397.8,820.2531929989667,2884.05,9.0,1,4,Friday,11,4,2025
2025-11-29,7060.95,10.0,706.095,447.525,433.3657292057137,1392.3,10.0,1,5,Saturday,11,4,2025
2025-11-30,2587.9,7.0,369.7,397.8,124.16589373361215,497.25,6.0,1,6,Sunday,11,4,2025
2025-12-01,7459.85,17.0,438.81470588235294,397.8,121.96420935655914,795.6,16.0,1,0,Monday,12,4,2025
2025-12-02,4774.7,6.0,795.7833333333333,447.525,719.7148773414835,2088.45,6.0,1,1,Tuesday,12,4,2025
2025-12-03,3779.1,5.0,755.8199999999999,696.15,448.0771593710172,1491.75,5.0,1,2,Wednesday,12,4,2025
2025-12-04,6564.8,12.0,547.0666666666667,397.8,461.5425752710998,1989.0,12.0,1,3,Thursday,12,4,2025
2025-12-05,9848.85,14.0,703.4892857142858,447.525,677.0876591296021,2585.7,13.0,1,4,Friday,12,4,2025
2025-12-06,5871.4,14.0,419.38571428571424,397.8,231.05964633582207,994.5,14.0,1,5,Saturday,12,4,2025
2025-12-07,11240.05,9.0,1248.8944444444444,497.25,1513.0441606750207,4475.25,8.0,1,6,Sunday,12,4,2025
2025-12-08,5968.1,9.0,663.1222222222223,397.8,800.1684783965464,2784.6,9.0,1,0,Monday,12,4,2025
2025-12-09,6269.75,10.0,626.975,397.8,685.588005231033,2386.8,10.0,1,1,Tuesday,12,4,2025
2025-12-10,1592.3000000000002,4.0,398.07500000000005,397.8,161.9524081327598,596.7,3.0,1,2,Wednesday,12,4,2025
2025-12-11,7459.85,12.0,621.6541666666667,497.25,342.09025288280907,1392.3,11.0,1,3,Thursday,12,4,2025
2025-12-12,4574.7,7.0,653.5285714285714,497.25,388.81915875415103,1392.3,7.0,1,4,Friday,12,4,2025
2025-12-13,5421.95,9.0,602.4388888888889,397.8,572.4393678470333,1989.0,8.0,1,5,Saturday,12,4,2025
2025-12-14,8654.07,18.0,480.78166666666664,447.525,327.07723425461313,1690.65,17.0,1,6,Sunday,12,4,2025
2025-12-15,6563.7,7.0,937.6714285714286,895.05,739.4541488248515,2486.25,6.0,1,0,Monday,12,4,2025
2025-12-16,4972.5,10.0,497.25,397.8,148.25130690823605,795.6,10.0,1,1,Tuesday,12,4,2025
2025-12-17,2187.9,5.0,437.58000000000004,397.8,54.47100834388876,497.25,5.0,1,2,Wednesday,12,4,2025
2025-12-18,7160.95,14.0,511.49642857142857,447.525,291.473069388188,1392.3,13.0,1,3,Thursday,12,4,2025
2025-12-19,3184.6,9.0,353.84444444444443,397.8,87.22160155476267,397.8,9.0,1,4,Friday,12,4,2025
2025-12-20,5967.0,10.0,596.7,397.8,380.8645034654713,1491.75,10.0,1,5,Saturday,12,4,2025
2025-12-21,1841.75,5.0,368.35,397.8,190.81711139203423,596.7,5.0,1,6,Sunday,12,4,2025
2025-12-22,4574.7,7.0,653.5285714285714,497.25,268.43605982484115,994.5,7.0,1,0,Monday,12,4,2025
2025-12-23,6864.25,12.0,572.0208333333334,447.525,359.9289358258057,1292.85,12.0,1,1,Tuesday,12,4,2025
2025-12-24,5470.85,10.0,547.085,397.8,318.6932180797075,1193.4,10.0,1,2,Wednesday,12,4,2025
2025-12-25,1690.65,4.0,422.6625,397.8,49.72499999999999,497.25,4.0,1,3,Thursday,12,4,2025
2025-12-26,397.8,1.0,397.8,397.8,0.0,397.8,1.0,1,4,Friday,12,4,2025
2025-12-27,3381.3,6.0,563.5500000000001,497.25,264.3699510156175,1093.95,6.0,1,5,Saturday,12,4,2025
2025-12-28,696.1500000000001,2.0,348.07500000000005,348.07500000000005,70.32176938900216,397.8,2.0,1,6,Sunday,12,4,2025
2025-12-29,1293.95,2.0,646.975,646.975,632.1181070417142,1093.95,2.0,1,0,Monday,12,4,2025
2025-12-30,797.8,3.0,265.93333333333334,200.0,114.19988324570798,397.8,3.0,1,1,Tuesday,12,4,2025
2025-12-31,6266.17,10.0,626.617,422.65999999999997,701.2690449788552,2486.25,9.0,1,2,Wednesday,12,4,2025
2026-01-01,2984.6000000000004,5.0,596.9200000000001,397.8,562.3798822859865,1591.2,5.0,1,3,Thursday,1,1,2026
2026-01-02,5370.29,12.0,447.52416666666664,397.8,213.08646437360213,994.5,12.0,1,4,Friday,1,1,2026
2026-01-03,6066.45,9.0,674.05,497.25,427.1078727909379,1491.75,9.0,1,5,Saturday,1,1,2026
2026-01-04,6472.2,12.0,539.35,447.525,233.91594061270658,994.5,12.0,1,6,Sunday,1,1,2026
2026-01-05,11242.25,18.0,624.5694444444445,397.8,817.6818621492765,3679.65,16.0,1,0,Monday,1,1,2026
2026-01-06,7213.42,10.0,721.342,348.07500000000005,873.47395246796,2685.15,10.0,1,1,Tuesday,1,1,2026
2026-01-07,2088.45,4.0,522.1125,447.525,188.2558116632791,795.6,4.0,1,2,Wednesday,1,1,2026
2026-01-08,5867.55,11.0,533.4136363636363,397.8,321.55655341705375,1491.75,10.0,1,3,Thursday,1,1,2026
2026-01-09,8405.45,12.0,700.4541666666668,397.8,1039.5977938297128,3978.0,11.0,1,4,Friday,1,1,2026
2026-01-10,2687.35,7.0,383.90714285714284,397.8,202.08650876248402,795.6,7.0,1,5,Saturday,1,1,2026
2026-01-11,7260.95,10.0,726.095,397.8,981.140805516721,3480.75,10.0,1,6,Sunday,1,1,2026
2026-01-12,2486.25,6.0,414.375,397.8,74.86324031191809,497.25,6.0,1,0,Monday,1,1,2026
2026-01-13,5172.5,8.0,646.5625,397.8,747.9091134384482,2486.25,8.0,1,1,Tuesday,1,1,2026
2026-01-14,2486.25,6.0,414.375,447.525,97.77845238087988,497.25,5.0,1,2,Wednesday,1,1,2026
2026-01-15,6565.9,8.0,820.7375,497.25,938.3778213149085,2983.5,6.0,1,3,Thursday,1,1,2026
2026-01-16,4975.25,10.0,497.525,397.8,538.4433846489547,1989.0,10.0,1,4,Friday,1,1,2026
2026-01-17,7657.650000000001,11.0,696.1500000000001,397.8,505.1433504461877,1690.65,11.0,1,5,Saturday,1,1,2026
2026-01-18,2636.25,5.0,527.25,397.8,393.855300205545,1193.4,5.0,1,6,Sunday,1,1,2026
2026-01-19,1890.65,4.0,472.6625,447.525,248.22194831440672,795.6,3.0,1,0,Monday,1,1,2026
2026-01-20,2585.7,3.0,861.9,497.25,809.9732912263219,1790.1,2.0,1,1,Tuesday,1,1,2026
2026-01-21,2885.15,6.0,480.85833333333335,447.525,230.11774685292454,895.05,5.0,1,2,Wednesday,1,1,2026
2026-01-22,2088.45,5.0,417.68999999999994,397.8,44.47539207247082,497.25,5.0,1,3,Thursday,1,1,2026
2026-01-23,5270.849999999999,9.0,585.65,397.8,567.9205523222415,2088.45,9.0,1,4,Friday,1,1,2026
2026-01-24,5273.05,13.0,405.6192307692308,397.8,117.78072058289354,596.7,13.0,1,5,Saturday,1,1,2026
2026-01-25,2984.05,8.0,373.00625,397.8,137.95367348057724,596.7,8.0,1,6,Sunday,1,1,2026
2026-01-26,1393.4,4.0,348.35,397.8,98.90000000000002,397.8,4.0,1,0,Monday,1,1,2026
2026-01-27,1989.0,3.0,663.0,497.25,287.0874213545414,994.5,2.0,1,1,Tuesday,1,1,2026
2026-01-28,2885.15,7.0,412.1642857142857,397.8,105.94921627162434,497.25,7.0,1,2,Wednesday,1,1,2026
2026-01-29,5321.4,7.0,760.1999999999999,397.8,692.8928326227657,1989.0,6.0,1,3,Thursday,1,1,2026
2026-01-30,4575.8,9.0,508.4222222222222,397.8,380.03073322357034,1491.75,9.0,1,4,Friday,1,1,2026
2026-01-31,4923.6,10.0,492.36,397.8,333.4300466364721,1392.3,7.0,1,5,Saturday,1,1,2026
2026-02-01,6365.900000000001,12.0,530.4916666666667,397.8,484.0495836892094,1989.0,12.0,1,6,Sunday,2,1,2026
2026-02-02,7360.400000000001,13.0,566.1846153846154,397.8,315.3883191034872,1193.4,13.0,1,0,Monday,2,1,2026
2026-02-03,3082.95,5.0,616.5899999999999,397.8,435.7680667511101,1392.3,5.0,1,1,Tuesday,2,1,2026
2026-02-04,895.05,2.0,447.525,447.525,70.32176938900213,497.25,2.0,1,2,Wednesday,2,1,2026
2026-02-05,6565.9,14.0,468.99285714285713,397.8,238.45240523098016,994.5,14.0,1,3,Thursday,2,1,2026
2026-02-06,5173.6,12.0,431.1333333333334,397.8,154.54402040332795,795.6,12.0,1,4,Friday,2,1,2026
2026-02-07,7463.150000000001,17.0,439.0088235294118,397.8,269.9666971563889,1193.4,16.0,1,5,Saturday,2,1,2026
2026-02-08,4228.55,10.0,422.855,397.8,211.04278851297744,895.05,10.0,1,6,Sunday,2,1,2026
2026-02-09,1990.1000000000001,6.0,331.68333333333334,348.07500000000005,80.84177550417027,397.8,5.0,1,0,Monday,2,1,2026
2026-02-10,2983.5,7.0,426.2142857142857,397.8,48.5266311273658,497.25,6.0,1,1,Tuesday,2,1,2026
2026-02-11,1592.3,4.0,398.075,447.525,140.125113737688,497.25,4.0,1,2,Wednesday,2,1,2026
2026-02-12,5071.95,8.0,633.99375,447.525,356.3487331227856,1292.85,8.0,1,3,Thursday,2,1,2026
2026-02-13,2585.7,6.0,430.95,397.8,51.35575917071034,497.25,6.0,1,4,Friday,2,1,2026
2026-02-14,6266.45,15.0,417.7633333333333,397.8,100.69052563365112,596.7,13.0,1,5,Saturday,2,1,2026
2026-02-15,4077.45,8.0,509.68125,447.525,201.98390483526157,994.5,8.0,1,6,Sunday,2,1,2026
2026-02-16,2437.35,4.0,609.3375,447.525,542.0125880687643,1392.3,4.0,1,0,Monday,2,1,2026
2026-02-17,5472.95,15.0,364.86333333333334,397.8,138.58444365732228,497.25,14.0,1,1,Tuesday,2,1,2026
2026-02-18,3182.4,5.0,636.48,497.25,217.8840333755551,994.5,5.0,1,2,Wednesday,2,1,2026
2026-02-19,7956.0,11.0,723.2727272727273,397.8,948.7873055547371,3580.2,10.0,1,3,Thursday,2,1,2026
2026-02-20,2387.9,6.0,397.98333333333335,397.8,108.54053927757438,497.25,4.0,1,4,Friday,2,1,2026
2026-02-21,7262.05,13.0,558.6192307692307,397.8,491.3450461651421,1790.1,13.0,1,5,Saturday,2,1,2026
2026-02-22,5370.3,9.0,596.7,497.25,302.46536681907895,1392.3,9.0,1,6,Sunday,2,1,2026
2026-02-23,4180.2,10.0,418.02,397.8,233.1231269808582,994.5,10.0,1,0,Monday,2,1,2026
2026-02-24,4873.05,10.0,487.305,447.525,190.1434991000218,994.5,9.0,1,1,Tuesday,2,1,2026
2026-02-25,2088.45,5.0,417.68999999999994,397.8,44.47539207247082,497.25,5.0,1,2,Wednesday,2,1,2026
2026-02-26,2885.15,7.0,412.1642857142857,397.8,105.94921627162434,497.25,7.0,1,3,Thursday,2,1,2026
2026-02-27,5221.12,11.0,474.6472727272727,397.8,171.33721744506704,795.6,8.0,1,4,Friday,2,1,2026
2026-02-28,8256.55,19.0,434.5552631578947,397.8,124.73496334978155,795.6,17.0,1,5,Saturday,2,1,2026
2026-03-01,7060.95,17.0,415.34999999999997,397.8,63.24361380803597,497.25,17.0,1,6,Sunday,3,1,2026
2026-03-02,5025.25,11.0,456.84090909090907,397.8,272.7966392921491,994.5,11.0,1,0,Monday,3,1,2026
2026-03-03,3082.9500000000003,8.0,385.36875000000003,397.8,98.55805373158067,596.7,8.0,1,1,Tuesday,3,1,2026
2026-03-04,1690.65,4.0,422.6625,397.8,49.72499999999998,497.25,4.0,1,2,Wednesday,3,1,2026
2026-03-05,1292.85,3.0,430.95,397.8,57.41748427090828,497.25,3.0,1,3,Thursday,3,1,2026
2026-03-06,2488.4500000000003,6.0,414.74166666666673,397.8,221.20700806409067,795.6,6.0,1,4,Friday,3,1,2026
2026-03-07,795.6,2.0,397.8,397.8,0.0,397.8,2.0,1,5,Saturday,3,1,2026
2026-03-08,1890.65,5.0,378.13,397.8,108.49031984467555,497.25,5.0,1,6,Sunday,3,1,2026
2026-03-09,3978.0,8.0,497.25,397.8,243.60175491978708,1093.95,8.0,1,0,Monday,3,1,2026
2026-03-10,2486.25,6.0,414.375,397.8,40.600292486631176,497.25,6.0,1,1,Tuesday,3,1,2026
2026-03-11,3282.95,8.0,410.36875,447.525,111.68358664900457,497.25,8.0,1,2,Wednesday,3,1,2026
2026-03-12,4974.7,13.0,382.66923076923075,397.8,113.42981592608552,497.25,13.0,1,3,Thursday,3,1,2026
2026-03-13,5074.7,9.0,563.8555555555555,497.25,466.1786342463345,1392.3,9.0,1,4,Friday,3,1,2026
2026-03-14,4873.6,10.0,487.36,447.525,282.955961237787,1193.4,9.0,1,5,Saturday,3,1,2026
2026-03-15,6067.55,15.0,404.50333333333333,397.8,95.41770662772836,596.7,11.0,1,6,Sunday,3,1,2026
2026-03-16,3382.4,8.0,422.8,397.8,210.79892585793016,895.05,8.0,1,0,Monday,3,1,2026
2026-03-17,1989.0,5.0,397.8,397.8,0.0,397.8,5.0,1,1,Tuesday,3,1,2026
2026-03-18,1292.85,3.0,430.95,397.8,57.41748427090826,497.25,3.0,1,2,Wednesday,3,1,2026
2026-03-19,7161.5,11.0,651.0454545454545,397.8,410.7981222294872,1392.3,9.0,1,3,Thursday,3,1,2026
2026-03-20,2985.7,8.0,373.2125,397.8,115.38378429645749,497.25,8.0,1,4,Friday,3,1,2026
2026-03-21,4972.5,7.0,710.3571428571429,397.8,521.2943845440336,1690.65,6.0,1,5,Saturday,3,1,2026
2026-03-22,7858.75,10.0,785.875,497.25,675.0231865359228,1989.0,9.0,1,6,Sunday,3,1,2026
2026-03-23,4575.8,9.0,508.4222222222222,397.8,448.65643600582,1690.65,9.0,1,0,Monday,3,1,2026
2026-03-24,4475.25,10.0,447.525,447.525,84.51624843780041,596.7,10.0,1,1,Tuesday,3,1,2026
2026-03-25,2396.79,7.0,342.3985714285714,397.8,192.7279902201175,596.7,7.0,1,2,Wednesday,3,1,2026
2026-03-26,4675.25,11.0,425.02272727272725,397.8,89.6797116510651,497.25,11.0,1,3,Thursday,3,1,2026
2026-03-27,8504.07,11.0,773.0972727272728,497.25,997.7540294490511,3679.65,11.0,1,4,Friday,3,1,2026
2026-03-28,5867.55,12.0,488.96250000000003,397.8,230.1587704222299,1193.4,11.0,1,5,Saturday,3,1,2026
2026-03-29,6066.45,12.0,505.53749999999997,397.8,196.43616025777476,994.5,12.0,1,6,Sunday,3,1,2026
2026-03-30,4278.55,10.0,427.855,397.8,224.8304168948479,994.5,10.0,1,0,Monday,3,1,2026
2026-03-31,9049.95,11.0,822.7227272727273,397.8,1225.368411206123,4475.25,11.0,1,1,Tuesday,3,1,2026
2026-04-01,4674.15,9.0,519.3499999999999,497.25,215.475,994.5,6.0,1,2,Wednesday,4,2,2026
2026-04-02,10545.0,18.0,585.8333333333334,397.8,437.8458266800958,1491.75,17.0,1,3,Thursday,4,2,2026
2026-04-03,9895.82,20.0,494.791,397.8,264.2970270637504,1442.02,16.0,1,4,Friday,4,2,2026
2026-04-04,5370.3,7.0,767.1857142857143,497.25,609.5841155481099,1989.0,7.0,1,5,Saturday,4,2,2026
2026-04-05,2585.7,4.0,646.425,397.8,497.24999999999994,1392.3,4.0,1,6,Sunday,4,2,2026
2026-04-06,5871.3,15.0,391.42,397.8,266.0980973787138,1193.4,13.0,1,0,Monday,4,2,2026
2026-04-07,1791.2,5.0,358.24,298.35,133.0987246370152,497.25,4.0,1,1,Tuesday,4,2,2026
2026-04-08,1991.2,6.0,331.8666666666667,348.07500000000005,119.95587383144967,497.25,5.0,1,2,Wednesday,4,2,2026
2026-04-09,5074.15,11.0,461.2863636363636,497.25,167.68170456389853,795.6,11.0,1,3,Thursday,4,2,2026
2026-04-10,5470.85,12.0,455.9041666666667,397.8,248.8231541205825,1193.4,12.0,1,4,Friday,4,2,2026
2026-04-11,9051.6,17.0,532.4470588235295,397.8,322.0247299658193,1491.75,14.0,1,5,Saturday,4,2,2026
2026-04-12,8952.7,15.0,596.8466666666667,497.25,401.18046770333507,1889.55,13.0,1,6,Sunday,4,2,2026
2026-04-13,4375.8,8.0,546.975,397.8,249.33434523604186,994.5,8.0,1,0,Monday,4,2,2026
2026-04-14,5271.95,12.0,439.32916666666665,397.8,205.26975429058015,994.5,12.0,1,1,Tuesday,4,2,2026
2026-04-15,1393.4,4.0,348.35,348.07500000000005,127.96384254937017,497.25,4.0,1,2,Wednesday,4,2,2026
2026-04-16,4078.4700000000003,6.0,679.745,447.525,662.3840379643822,2002.92,5.0,1,3,Thursday,4,2,2026
2026-04-17,1990.1,5.0,398.02,397.8,121.351970523762,497.25,5.0,1,4,Friday,4,2,2026
2026-04-18,4277.45,8.0,534.68125,447.525,360.1456421043933,1392.3,7.0,1,5,Saturday,4,2,2026
2026-04-19,4773.6,9.0,530.4000000000001,397.8,233.23092365722005,1093.95,9.0,1,6,Sunday,4,2,2026
2026-04-20,4972.5,10.0,497.25,497.25,198.89999999999998,994.5,10.0,1,0,Monday,4,2,2026
2026-04-21,2090.65,6.0,348.44166666666666,348.07500000000005,136.60389239207888,497.25,6.0,1,1,Tuesday,4,2,2026
2026-04-22,896.1500000000001,3.0,298.7166666666667,298.35,98.90050977286892,397.8,3.0,1,2,Wednesday,4,2,2026
2026-04-23,4079.1,11.0,370.8272727272727,397.8,126.24107169149897,497.25,11.0,1,3,Thursday,4,2,2026
2026-04-24,6465.35,13.0,497.3346153846154,397.8,210.8358528024185,994.5,11.0,1,4,Friday,4,2,2026
2026-04-25,3682.95,9.0,409.21666666666664,397.8,250.4803522733869,994.5,9.0,1,5,Saturday,4,2,2026
2026-04-26,7064.25,17.0,415.54411764705884,397.8,225.58721766920945,1193.4,17.0,1,6,Sunday,4,2,2026
2026-04-27,5967.0,12.0,497.25,397.8,207.74427461752978,994.5,12.0,1,0,Monday,4,2,2026
2026-04-28,7458.75,16.0,466.171875,397.8,197.96546076588714,1093.95,16.0,1,1,Tuesday,4,2,2026
2026-04-29,2389.0,7.0,341.2857142857143,397.8,112.30407648539789,497.25,6.0,1,2,Wednesday,4,2,2026
2026-04-30,5768.1,9.0,640.9000000000001,397.8,694.5696347379433,2486.25,9.0,1,3,Thursday,4,2,2026
2026-05-01,6364.8,9.0,707.2,497.25,342.505440650218,1193.4,8.0,1,4,Friday,5,2,2026
2026-05-02,4178.0,8.0,522.25,397.8,363.3245843201758,1392.3,8.0,1,5,Saturday,5,2,2026
2026-05-03,4649.28,10.0,464.928,497.25,142.60816189825883,795.6,10.0,1,6,Sunday,5,2,2026
2026-05-04,4972.5,12.0,414.375,397.8,38.71085999843173,497.25,12.0,1,0,Monday,5,2,2026
2026-05-05,8653.25,11.0,786.6590909090909,397.8,994.887025450172,3679.65,10.0,1,1,Tuesday,5,2,2026
2026-05-06,3481.85,6.0,580.3083333333333,447.525,459.5163320456267,1491.75,6.0,1,2,Wednesday,5,2,2026
2026-05-07,9248.85,12.0,770.7375000000001,447.525,587.7807828546131,2187.9,12.0,1,3,Thursday,5,2,2026
2026-05-08,4876.35,10.0,487.63500000000005,397.8,342.4377324176373,1193.4,9.0,1,4,Friday,5,2,2026
2026-05-09,5023.05,11.0,456.64090909090913,397.8,258.10651368977676,1193.4,10.0,1,5,Saturday,5,2,2026
2026-05-10,5469.75,11.0,497.25,397.8,263.11996788537357,1193.4,11.0,1,6,Sunday,5,2,2026
2026-05-11,4384.85,8.0,548.10625,447.525,299.5984532163724,994.5,8.0,1,0,Monday,5,2,2026
2026-05-12,3382.4,8.0,422.8,447.525,127.19347467539365,596.7,6.0,1,1,Tuesday,5,2,2026
2026-05-13,37048.42,12.0,3087.3683333333333,447.525,6113.936771496048,16409.25,12.0,1,2,Wednesday,5,2,2026
2026-05-14,6365.9,7.0,909.4142857142857,397.8,1356.7420071364236,3978.0,7.0,1,3,Thursday,5,2,2026
2026-05-15,4476.35,11.0,406.94090909090914,397.8,129.14319730086797,696.15,10.0,1,4,Friday,5,2,2026
2026-05-16,4923.87,10.0,492.387,397.8,285.47345745659476,1243.12,10.0,1,5,Saturday,5,2,2026
2026-05-17,6862.05,11.0,623.8227272727273,497.25,440.4880846082198,1790.1,11.0,1,6,Sunday,5,2,2026
2026-05-18,0.0,0.0,0.0,0.0,0.0,0.0,0.0,0,0,Monday,5,2,2026
2026-05-19,5469.75,8.0,683.71875,497.25,325.25515252040424,1193.4,8.0,1,1,Tuesday,5,2,2026
2026-05-20,6663.15,13.0,512.55,397.8,198.26147507773666,994.5,13.0,1,2,Wednesday,5,2,2026
2026-05-21,5967.0,11.0,542.4545454545455,397.8,282.56276245689685,1193.4,10.0,1,3,Thursday,5,2,2026
2026-05-22,6266.45,13.0,482.0346153846154,397.8,239.55799783543668,994.5,13.0,1,4,Friday,5,2,2026
2026-05-23,3580.2000000000003,9.0,397.8,397.8,70.32176938900214,497.25,9.0,1,5,Saturday,5,2,2026
2026-05-24,5668.650000000001,12.0,472.38750000000005,447.525,180.5354323382129,994.5,12.0,1,6,Sunday,5,2,2026
2026-05-25,2983.5,7.0,426.2142857142857,397.8,48.526631127365825,497.25,7.0,1,0,Monday,5,2,2026
2026-05-26,3480.75,5.0,696.15,497.25,272.3550417194439,994.5,5.0,1,1,Tuesday,5,2,2026
2026-05-27,3680.75,8.0,460.09375,397.8,237.18664958439678,994.5,7.0,1,2,Wednesday,5,2,2026
2026-05-28,2585.7,6.0,430.95,447.525,81.20058497326234,497.25,5.0,1,3,Thursday,5,2,2026
2026-05-29,3284.05,9.0,364.89444444444445,397.8,110.77883779304501,497.25,9.0,1,4,Friday,5,2,2026
2026-05-30,7858.75,15.0,523.9166666666666,397.8,396.72325486714414,1690.65,13.0,1,5,Saturday,5,2,2026
2026-05-31,2885.15,6.0,480.85833333333335,397.8,269.69386796267105,994.5,6.0,1,6,Sunday,5,2,2026
2026-06-01,6863.150000000001,11.0,623.9227272727273,397.8,756.1388332719185,2884.05,11.0,1,0,Monday,6,2,2026
2026-06-02,5768.1,11.0,524.3727272727273,497.25,126.5081328682792,795.6,10.0,1,1,Tuesday,6,2,2026
2026-06-03,2486.25,5.0,497.25,497.25,121.80087745989351,696.15,5.0,1,2,Wednesday,6,2,2026
2026-06-04,6367.82,11.0,578.8927272727273,397.8,579.790226359343,1989.0,9.0,1,3,Thursday,6,2,2026
2026-06-05,5071.95,9.0,563.55,397.8,310.5325254703603,1193.4,9.0,1,4,Friday,6,2,2026
2026-06-06,5969.2,14.0,426.37142857142857,397.8,188.60483894832942,994.5,14.0,1,5,Saturday,6,2,2026
2026-06-07,6864.25,16.0,429.015625,397.8,156.8987812983793,895.05,14.0,1,6,Sunday,6,2,2026
2026-06-08,1492.85,4.0,373.2125,397.8,124.62873113772763,497.25,3.0,1,0,Monday,6,2,2026
2026-06-09,2784.6,5.0,556.92,497.25,259.3338716789614,994.5,5.0,1,1,Tuesday,6,2,2026
2026-06-10,1691.75,4.0,422.9375,497.25,148.625,497.25,4.0,1,2,Wednesday,6,2,2026
2026-06-11,12331.800000000001,17.0,725.4000000000001,397.8,844.4212080250591,3878.55,15.0,1,3,Thursday,6,2,2026
2026-06-12,17503.2,7.0,2500.457142857143,397.8,5260.653884771088,14420.25,7.0,1,4,Friday,6,2,2026
2026-06-13,4972.5,11.0,452.04545454545456,397.8,195.71010251714836,994.5,8.0,1,5,Saturday,6,2,2026
2026-06-14,6268.65,15.0,417.90999999999997,397.8,176.81473779071698,895.05,14.0,1,6,Sunday,6,2,2026
2026-06-15,2885.15,4.0,721.2875,348.07500000000005,848.9907600351137,1989.0,4.0,1,0,Monday,6,2,2026
2026-06-16,4972.5,10.0,497.25,447.525,219.89222360056303,1093.95,9.0,1,1,Tuesday,6,2,2026
2026-06-17,3082.95,6.0,513.8249999999999,397.8,238.8180850563876,994.5,6.0,1,2,Wednesday,6,2,2026
2026-06-18,3981.85,11.0,361.98636363636365,397.8,155.37119760578065,497.25,10.0,1,3,Thursday,6,2,2026
2026-06-19,2386.8,5.0,477.36,397.8,129.66693583948066,696.15,5.0,1,4,Friday,6,2,2026
2026-06-20,4277.45,9.0,475.2722222222222,397.8,288.86376666941885,1193.4,8.0,1,5,Saturday,6,2,2026
2026-06-21,3580.2,8.0,447.525,447.525,53.15826101638121,497.25,8.0,1,6,Sunday,6,2,2026
2026-06-22,5668.650000000001,12.0,472.38750000000005,397.8,326.068630620917,1491.75,12.0,1,0,Monday,6,2,2026
2026-06-23,6563.7,9.0,729.3,497.25,497.25,1790.1,8.0,1,1,Tuesday,6,2,2026
2026-06-24,2983.5,7.0,426.2142857142857,397.8,48.52663112736581,497.25,7.0,1,2,Wednesday,6,2,2026
2026-06-25,1393.4,4.0,348.35,348.07500000000005,127.96384254937018,497.25,4.0,1,3,Thursday,6,2,2026
2026-06-26,6663.150000000001,16.0,416.44687500000003,397.8,82.95783360388577,497.25,14.0,1,4,Friday,6,2,2026
2026-06-27,10243.35,16.0,640.209375,447.525,405.95217132840907,1591.2,14.0,1,5,Saturday,6,2,2026
2026-06-28,6964.25,17.0,409.6617647058824,397.8,243.14045486187854,1193.4,14.0,1,6,Sunday,6,2,2026
2026-06-29,5920.3,10.0,592.03,447.525,552.6977218858223,1989.0,10.0,1,0,Monday,6,2,2026
2026-06-30,5272.5,12.0,439.375,397.8,229.98071707704696,994.5,12.0,1,1,Tuesday,6,2,2026
2026-07-01,6167.0,11.0,560.6363636363636,397.8,308.88011435742277,1193.4,8.0,1,2,Wednesday,7,3,2026
2026-07-02,6265.35,13.0,481.95000000000005,397.8,161.61850915040642,994.5,12.0,1,3,Thursday,7,3,2026
2026-07-03,5670.85,11.0,515.5318181818183,497.25,407.0115509864108,1690.65,11.0,1,4,Friday,7,3,2026
2026-07-04,7858.75,16.0,491.171875,447.525,222.09176329372656,994.5,12.0,1,5,Saturday,7,3,2026
2026-07-05,9049.95,14.0,646.4250000000001,397.8,817.0651251583315,3480.75,12.0,1,6,Sunday,7,3,2026
2026-07-06,6315.62,12.0,526.3016666666666,497.25,362.5394355184834,1392.3,11.0,1,0,Monday,7,3,2026
2026-07-07,4179.1,11.0,379.91818181818184,397.8,106.90815514432768,497.25,10.0,1,1,Tuesday,7,3,2026
2026-07-08,2387.9,6.0,397.98333333333335,397.8,108.54053927757437,497.25,6.0,1,2,Wednesday,7,3,2026
2026-07-09,4972.5,12.0,414.375,397.8,71.37929894711642,497.25,11.0,1,3,Thursday,7,3,2026
2026-07-10,7758.200000000001,12.0,646.5166666666668,497.25,353.3950405664597,1193.4,12.0,1,4,Friday,7,3,2026
2026-07-11,5669.2,12.0,472.43333333333334,397.8,212.46983671841872,994.5,10.0,1,5,Saturday,7,3,2026
2026-07-12,7758.2,15.0,517.2133333333334,497.25,241.1670919468393,994.5,13.0,1,6,Sunday,7,3,2026
2026-07-13,7558.2,13.0,581.4,497.25,440.74446678319174,1989.0,12.0,1,0,Monday,7,3,2026
2026-07-14,4575.8,9.0,508.4222222222222,397.8,304.1369265141023,1193.4,8.0,1,1,Tuesday,7,3,2026
2026-07-15,1989.0,3.0,663.0,497.25,376.51162332655815,1093.95,3.0,1,2,Wednesday,7,3,2026
2026-07-16,4876.35,11.0,443.30454545454546,397.8,275.18130155821405,1193.4,9.0,1,3,Thursday,7,3,2026
2026-07-17,6466.450000000001,14.0,461.8892857142858,447.525,235.82213732662314,1193.4,14.0,1,4,Friday,7,3,2026
2026-07-18,6265.35,12.0,522.1125000000001,447.525,220.85554938280774,994.5,11.0,1,5,Saturday,7,3,2026
2026-07-19,5270.85,11.0,479.16818181818184,497.25,107.27868211515107,696.15,9.0,1,6,Sunday,7,3,2026
2026-07-20,3282.95,8.0,410.36875,397.8,98.2212951070184,497.25,8.0,1,0,Monday,7,3,2026
2026-07-21,5670.85,11.0,515.5318181818183,397.8,346.6453679718851,1392.3,11.0,1,1,Tuesday,7,3,2026
2026-07-22,4375.8,7.0,625.1142857142858,497.25,328.40735973569696,1193.4,6.0,1,2,Wednesday,7,3,2026
2026-07-23,4079.65,10.0,407.96500000000003,447.525,118.63478984307727,497.25,10.0,1,3,Thursday,7,3,2026
2026-07-24,6664.25,13.0,512.6346153846154,397.8,364.97681683488213,1690.65,10.0,1,4,Friday,7,3,2026
2026-07-25,13724.1,20.0,686.205,497.25,475.19598308708936,1989.0,20.0,1,5,Saturday,7,3,2026
2026-07-26,6863.15,11.0,623.9227272727272,397.8,544.7894324248757,1889.55,9.0,1,6,Sunday,7,3,2026
2026-07-27,7161.5,10.0,716.15,397.8,975.2440848320998,3480.75,10.0,1,0,Monday,7,3,2026
2026-07-28,5470.85,10.0,547.085,447.525,282.1115333516161,1093.95,8.0,1,1,Tuesday,7,3,2026
2026-07-29,4227.72,6.0,704.62,447.525,833.3606713782455,2386.8,6.0,1,2,Wednesday,7,3,2026
2026-07-30,6864.25,12.0,572.0208333333334,497.25,308.8403135914132,1193.4,11.0,1,3,Thursday,7,3,2026
2026-07-31,7063.15,16.0,441.446875,397.8,338.5272625499804,1591.2,16.0,1,4,Friday,7,3,2026
2026-08-01,9946.1,20.0,497.305,497.25,198.81329108117072,994.5,20.0,1,5,Saturday,8,3,2026
2026-08-02,6961.5,15.0,464.1,397.8,104.07802876413722,795.6,15.0,1,6,Sunday,8,3,2026
2026-08-03,5768.1,10.0,576.8100000000001,497.25,255.92143521010507,1093.95,9.0,1,0,Monday,8,3,2026
2026-08-04,3580.2,5.0,716.04,397.8,457.9021871535448,1392.3,4.0,1,1,Tuesday,8,3,2026
2026-08-05,2187.9,4.0,546.975,447.525,309.2026156098942,994.5,4.0,1,2,Wednesday,8,3,2026
2026-08-06,5470.85,8.0,683.85625,397.8,604.6588787061795,1989.0,7.0,1,3,Thursday,8,3,2026
2026-08-07,10957.1,12.0,913.0916666666667,500.0,878.3498784739207,3480.75,12.0,1,4,Friday,8,3,2026
2026-08-08,9473.05,16.0,592.065625,400.0,401.09937119486574,1491.75,16.0,1,5,Saturday,8,3,2026
2026-08-09,4684.05,9.0,520.45,400.0,417.81193287171686,1491.75,8.0,1,6,Sunday,8,3,2026
2026-08-10,4395.6,10.0,439.56000000000006,400.0,156.64873088821656,795.6,10.0,1,0,Monday,8,3,2026
2026-08-11,4600.0,12.0,383.3333333333333,400.0,83.48471099367218,500.0,12.0,1,1,Tuesday,8,3,2026
2026-08-12,4885.15,9.0,542.7944444444444,400.0,289.6232557613041,994.5,9.0,1,2,Wednesday,8,3,2026
2026-08-13,3396.15,8.0,424.51875,450.0,157.16027746380445,696.15,7.0,1,3,Thursday,8,3,2026
2026-08-14,16645.82,23.0,723.731304347826,500.0,698.0279908056849,3480.75,23.0,1,4,Friday,8,3,2026
2026-08-15,4287.9,7.0,612.5571428571428,500.0,340.74673809709395,1193.4,7.0,1,5,Saturday,8,3,2026
2026-08-16,5084.05,8.0,635.50625,500.0,304.00025427327245,1193.4,7.0,1,6,Sunday,8,3,2026
2026-08-17,4196.15,9.0,466.2388888888888,400.0,98.87903524565311,696.15,9.0,1,0,Monday,8,3,2026
2026-08-18,4985.15,9.0,553.9055555555556,400.0,463.4408460394679,1491.75,9.0,1,1,Tuesday,8,3,2026
2026-08-19,4194.5,8.0,524.3125,500.0,196.32388281685374,994.5,8.0,1,2,Wednesday,8,3,2026
2026-08-20,2500.0,5.0,500.0,500.0,0.0,500.0,5.0,1,3,Thursday,8,3,2026
2026-08-21,3294.5,7.0,470.64285714285717,400.0,247.82297349212035,994.5,7.0,1,4,Friday,8,3,2026
2026-08-22,5095.05,12.0,424.58750000000003,400.0,180.35821946766234,895.05,11.0,1,5,Saturday,8,3,2026
2026-08-23,11773.05,21.0,560.6214285714285,500.0,293.4437512417962,1491.75,20.0,1,6,Sunday,8,3,2026
2026-08-24,7535.7,17.0,443.27647058823527,400.0,239.26887276506469,1093.95,17.0,1,0,Monday,8,3,2026
2026-08-25,10970.3,21.0,522.395238095238,400.0,289.109497381512,1193.4,18.0,1,1,Tuesday,8,3,2026
2026-08-26,6085.7,11.0,553.2454545454545,500.0,227.57058515386547,994.5,11.0,1,2,Wednesday,8,3,2026
2026-08-27,9180.2,16.0,573.7625,500.0,415.8483407445555,1989.0,16.0,1,3,Thursday,8,3,2026
2026-08-28,1950.0,5.0,390.0,400.0,114.0175425099138,500.0,4.0,1,4,Friday,8,3,2026
2026-08-29,8884.6,18.0,493.5888888888889,400.0,239.3551210793872,1193.4,16.0,1,5,Saturday,8,3,2026
2026-08-30,7487.9,15.0,499.1933333333333,400.0,257.08865193232657,1193.4,14.0,1,6,Sunday,8,3,2026
2026-08-31,5786.25,10.0,578.625,450.0,358.6387498816416,1292.85,9.0,1,0,Monday,8,3,2026
2026-09-01,4888.45,9.0,543.161111111111,400.0,298.0228428512001,1093.95,8.0,1,1,Tuesday,9,3,2026
2026-09-02,3992.85,8.0,499.10625,400.0,322.6242246213077,1292.85,8.0,1,2,Wednesday,9,3,2026
2026-09-03,6241.75,13.0,480.13461538461536,400.0,312.3750185971819,1491.75,13.0,1,3,Thursday,9,3,2026
2026-09-04,4191.75,9.0,465.75,400.0,400.47011436560405,1491.75,8.0,1,4,Friday,9,3,2026
2026-09-05,5290.1,11.0,480.91818181818184,400.0,254.19464517641526,1193.4,11.0,1,5,Saturday,9,3,2026
2026-09-06,11276.9,21.0,536.995238095238,400.0,277.85940190353557,1193.4,17.0,1,6,Sunday,9,3,2026
2026-09-07,5093.4,11.0,463.0363636363636,400.0,263.7753107200417,1193.4,10.0,1,0,Monday,9,3,2026
2026-09-08,6093.4,13.0,468.7230769230769,500.0,248.00644532567483,1193.4,13.0,1,1,Tuesday,9,3,2026
2026-09-09,3995.6,8.0,499.45,500.0,129.49183096131696,795.6,7.0,1,2,Wednesday,9,3,2026
2026-09-10,6889.0,13.0,529.9230769230769,500.0,211.62475104866692,994.5,13.0,1,3,Thursday,9,3,2026
2026-09-11,6234.6,12.0,519.5500000000001,450.0,298.87642171062186,1193.4,10.0,1,4,Friday,9,3,2026
2026-09-12,5687.9,11.0,517.0818181818181,400.0,300.353814086593,1193.4,9.0,1,5,Saturday,9,3,2026
2026-09-13,7481.3,13.0,575.4846153846154,400.0,358.0937251524938,1491.75,13.0,1,6,Sunday,9,3,2026
2026-09-14,4987.35,8.0,623.41875,500.0,334.08379395584063,1292.85,8.0,1,0,Monday,9,3,2026
2026-09-15,8474.15,11.0,770.3772727272727,500.0,932.2838385823377,3480.75,11.0,1,1,Tuesday,9,3,2026
2026-09-16,3987.3500000000004,7.0,569.6214285714286,400.0,399.9271098766446,1193.4,7.0,1,2,Wednesday,9,3,2026
2026-09-17,3585.7,5.0,717.14,596.7,256.25304485995866,994.5,4.0,1,3,Thursday,9,3,2026
2026-09-18,6286.25,10.0,628.625,500.0,660.7861610948314,2486.25,10.0,1,4,Friday,9,3,2026
2026-09-19,9871.95,17.0,580.7029411764706,500.0,361.69363437453364,1491.75,16.0,1,5,Saturday,9,3,2026
2026-09-20,1600.0,4.0,400.0,400.0,81.64965809277261,500.0,4.0,1,6,Sunday,9,3,2026
2026-09-21,9683.5,20.0,484.175,400.0,258.1257748809575,1193.4,19.0,1,0,Monday,9,3,2026
2026-09-22,7675.8,12.0,639.65,500.0,388.86211917242946,1491.75,11.0,1,1,Tuesday,9,3,2026
2026-09-23,4089.0,8.0,511.125,400.0,306.6105894639462,994.5,8.0,1,2,Wednesday,9,3,2026
2026-09-24,7776.9,10.0,777.6899999999999,500.0,717.380971466502,2486.25,10.0,1,3,Thursday,9,3,2026
2026-09-25,8576.9,16.0,536.05625,400.0,329.8986192125291,1292.85,15.0,1,4,Friday,9,3,2026
2026-09-26,7773.05,12.0,647.7541666666667,500.0,350.09879998907155,1193.4,12.0,1,5,Saturday,9,3,2026
2026-09-27,11263.7,18.0,625.7611111111112,500.0,324.1805490751917,1491.75,17.0,1,6,Sunday,9,3,2026
2026-09-28,6879.1,9.0,764.3444444444444,500.0,647.3578166499403,1989.0,9.0,1,0,Monday,9,3,2026
2026-09-29,3900.0,9.0,433.3333333333333,400.0,70.71067811865476,500.0,9.0,1,1,Tuesday,9,3,2026
2026-09-30,4084.05,6.0,680.6750000000001,597.8,357.0739723782734,1292.85,6.0,1,2,Wednesday,9,3,2026
