business_id,as_of_date,revenue_7d,tx_count_7d,active_days_7d,avg_daily_revenue_7d,revenue_14d,tx_count_14d,active_days_14d,avg_daily_revenue_14d,revenue_30d,tx_count_30d,active_days_30d,avg_daily_revenue_30d,revenue_60d,tx_count_60d,active_days_60d,avg_daily_revenue_60d,revenue_90d,tx_count_90d,active_days_90d,avg_daily_revenue_90d,median_daily_revenue_30d,std_daily_revenue_30d,cv_daily_revenue_30d,revenue_trend_30_vs_90,avg_transaction_30d,weekend_revenue_share_30d,unique_customers_30d,repeat_customer_rate_30d,repeat_customers_30d,day_of_week,month_num,quarter,days_in_month,day_of_month,cpi,headline_inflation_yoy_pct,target_next_30d_revenue_kes,target_next_30d_tx_count
BELGARD_BARBERS_001,2024-03-31,25767.449999999997,53.0,7,3681.0642857142852,47017.08,97.0,14,3358.362857142857,111557.79000000001,244.0,30,3718.5930000000003,231753.36,495.0,60,3862.5559999999996,355429.22,735.0,90,3949.213555555555,3631.025,1658.314285196768,0.44595208058444896,-0.058396577523929905,457.2040573770492,0.44152237149911266,165,0.2787878787878788,46,6,3,1,31,31,138.66,5.7,96895.64,201.0
BELGARD_BARBERS_001,2024-04-07,30640.5,60.0,7,4377.214285714285,56407.950000000004,113.0,14,4029.139285714286,112350.09000000001,236.0,30,3745.003,235882.74000000002,495.0,60,3931.3790000000004,350057.26999999996,727.0,90,3889.5252222222216,3929.1000000000004,1687.4698246075395,0.4505923825982354,-0.037156777232479454,476.05970338983053,0.40826366939269915,160,0.23125,37,6,4,2,30,7,138.4,5.0,94799.29,202.0
BELGARD_BARBERS_001,2024-04-14,24672.4,51.0,7,3524.628571428572,55312.90000000001,111.0,14,3950.9214285714293,110784.33,228.0,30,3692.811,229812.44000000003,485.0,60,3830.2073333333337,344762.66000000003,729.0,90,3830.696222222223,3631.025,1886.4445054287537,0.5108424193463337,-0.035994820320738974,485.8961842105263,0.4409496361082835,149,0.2684563758389262,40,6,4,2,30,14,138.4,5.0,101821.78,211.0
BELGARD_BARBERS_001,2024-04-21,13926.85,33.0,6,1989.55,38599.25,84.0,13,2757.089285714286,102477.51000000001,217.0,29,3415.9170000000004,216111.74,458.0,59,3601.862333333333,334813.81,713.0,89,3720.1534444444446,3382.95,2114.7783062252647,0.6190953428392038,-0.08178061711373252,472.2465898617512,0.44563836494465964,139,0.2733812949640288,38,6,4,2,30,21,138.4,5.0,107598.12999999999,222.0
BELGARD_BARBERS_001,2024-04-28,24072.39,48.0,7,3438.912857142857,37999.240000000005,81.0,13,2714.2314285714288,101869.24,212.0,29,3395.6413333333335,214020.53,453.0,59,3567.0088333333333,331531.95,702.0,89,3683.6883333333335,3556.9849999999997,2063.947380624053,0.6078225519177486,-0.07819526896276519,480.51528301886793,0.47310179206205927,139,0.2589928057553957,36,6,4,2,30,28,138.4,5.0,104516.54999999999,216.0
BELGARD_BARBERS_001,2024-05-05,25560.27,55.0,7,3651.467142857143,49632.66,103.0,14,3545.19,98575.81000000001,207.0,29,3285.8603333333335,207446.25,440.0,59,3457.4375,328493.75,694.0,89,3649.9305555555557,2783.76,2004.0682959045805,0.6099067192766401,-0.09974716413934814,476.21164251207733,0.4959479409806523,136,0.3014705882352941,41,6,5,2,31,5,139.64,5.0,115170.38,237.0
BELGARD_BARBERS_001,2024-05-12,31146.1,64.0,7,4449.442857142857,56706.37,119.0,14,4050.4550000000004,108730.26,225.0,29,3624.3419999999996,212354.74,444.0,59,3539.2456666666667,331082.85,696.0,89,3678.6983333333333,3556.435,2051.608781664445,0.566063793556029,-0.014775969217372675,483.24559999999997,0.4698263390522565,148,0.2972972972972973,44,6,5,2,31,12,139.64,5.0,109094.48000000001,228.0
BELGARD_BARBERS_001,2024-05-19,21444.670000000002,43.0,7,3063.524285714286,52590.77,107.0,14,3756.4835714285714,107495.37999999999,221.0,30,3583.179333333333,209476.74000000005,438.0,59,3491.279000000001,325203.27,683.0,89,3613.369666666667,3333.225,1762.2215986606855,0.49180390784999845,-0.008355174288376732,486.40443438914025,0.4021464922492483,147,0.2857142857142857,42,6,5,2,31,19,139.64,5.0,114410.66,242.0
BELGARD_BARBERS_001,2024-05-26,19004.84,40.0,6,2714.977142857143,40449.509999999995,83.0,13,2889.250714285714,107152.79999999999,221.0,29,3571.7599999999998,205093.77,428.0,58,3418.2295,315254.41000000003,666.0,88,3502.8267777777783,3333.2200000000003,1762.2957710384487,0.49339702864650725,0.019679312336978727,484.8542986425339,0.4136619855010789,149,0.22818791946308725,34,6,5,2,31,26,139.64,5.0,123017.49,262.0
BELGARD_BARBERS_001,2024-06-02,35118.22,72.0,7,5016.888571428572,54123.06,112.0,13,3865.932857142857,115964.87999999999,238.0,29,3865.4959999999996,213448.39000000004,444.0,58,3557.4731666666676,320727.08,674.0,88,3563.6342222222224,3580.745,2018.7606088036623,0.522251377004054,0.08470616201163916,487.24739495798315,0.41353959923038763,159,0.25157232704402516,40,6,6,2,30,2,140.23,4.6,109437.89,240.0
BELGARD_BARBERS_001,2024-06-09,27558.65,60.0,7,3936.9500000000003,62676.869999999995,132.0,14,4476.919285714285,115666.15,244.0,29,3855.538333333333,215437.94000000003,449.0,58,3590.632333333334,322416.0800000001,676.0,88,3582.4008888888898,3580.745,2068.5896569338947,0.5365242096154912,0.07624424315313272,474.0415983606557,0.42494429009697304,167,0.23952095808383234,40,6,6,2,30,9,140.23,4.6,107546.14000000001,231.0
BELGARD_BARBERS_001,2024-06-16,25863.600000000002,54.0,7,3694.8,53422.25000000001,114.0,14,3815.8750000000005,113714.51000000001,242.0,29,3790.483666666667,220808.78999999998,460.0,59,3680.1465,321448.67,670.0,88,3571.6518888888886,3580.745,1894.6235414412074,0.4998368831140038,0.06126906669111443,469.89466942148766,0.39544557682216624,162,0.25308641975308643,41,6,6,2,30,16,140.23,4.6,103550.44000000002,227.0
BELGARD_BARBERS_001,2024-06-23,30595.170000000006,65.0,7,4370.738571428572,56458.770000000004,119.0,14,4032.769285714286,125503.74000000002,266.0,30,4183.4580000000005,234297.46,491.0,59,3904.9576666666667,329403.01,687.0,88,3660.0334444444447,3979.65,1916.3003288618413,0.45806610915224705,0.1430108668405914,471.8185714285715,0.3947675184819193,182,0.24175824175824176,44,6,6,2,30,23,140.23,4.6,93448.56999999999,212.0
BELGARD_BARBERS_001,2024-06-30,20943.019999999997,51.0,7,2991.8599999999997,51538.19,116.0,14,3681.299285714286,118588.39,259.0,30,3952.9463333333333,230170.29000000004,488.0,59,3836.171500000001,322685.18,682.0,88,3585.3908888888886,3781.3,1796.5709925289775,0.4544890927001313,0.1025147482757034,457.87023166023164,0.4148527524490382,178,0.2303370786516854,41,6,6,2,30,30,140.23,4.6,94161.31000000001,211.0
BELGARD_BARBERS_001,2024-07-07,27359.75,54.0,6,3908.535714285714,48302.770000000004,105.0,13,3450.1978571428576,115208.19000000003,248.0,29,3840.273000000001,227991.38999999998,484.0,58,3799.8565,325075.82999999996,686.0,87,3611.9536666666663,3882.4,1825.7626058392696,0.4754252121761315,0.06321214345588277,464.5491532258066,0.3795665047771343,160,0.29375,47,6,7,3,31,7,139.94,4.3,94809.11,219.0
BELGARD_BARBERS_001,2024-07-14,15024.65,36.0,7,2146.3785714285714,42384.40000000001,90.0,13,3027.4571428571435,102278.59,223.0,29,3409.286333333333,212911.25,459.0,58,3548.5208333333335,315826.98,670.0,87,3509.1886666666664,3233.775,1879.9630777641767,0.5514242260567467,-0.028468783762552574,458.6483856502242,0.37697694111739327,152,0.2631578947368421,40,6,7,3,31,14,139.94,4.3,96101.40999999999,223.0
BELGARD_BARBERS_001,2024-07-21,28131.050000000003,66.0,7,4018.721428571429,43155.7,102.0,14,3082.5499999999997,102204.57,225.0,29,3406.8190000000004,224224.25000000003,486.0,59,3737.0708333333337,330032.27999999997,705.0,88,3667.025333333333,3233.775,1874.2903522210747,0.550158476931435,-0.07095842261247876,454.24253333333337,0.4015976976371995,159,0.2138364779874214,34,6,7,3,31,21,139.94,4.3,87618.33000000002,201.0
BELGARD_BARBERS_001,2024-07-28,20162.91,45.0,7,2880.4157142857143,48293.96000000001,111.0,14,3449.568571428572,96698.38,218.0,29,3223.2793333333334,222500.20000000004,486.0,59,3708.3366666666675,326917.3,702.0,88,3632.414444444444,3108.36,1964.024181054353,0.6093248452728017,-0.11263447972927698,443.5705504587156,0.41413537641478587,155,0.23870967741935484,37,6,7,3,31,28,139.94,4.3,90352.02,220.0
BELGARD_BARBERS_001,2024-08-04,24623.5,57.0,7,3517.6428571428573,44786.409999999996,102.0,14,3199.0292857142854,96102.51000000001,223.0,30,3203.4170000000004,209417.85000000003,465.0,59,3490.2975000000006,324090.98,701.0,88,3601.0108888888885,3108.36,1760.542611888259,0.5495827149223029,-0.11041174302351742,430.95295964125563,0.46171842962270176,154,0.2597402597402597,40,6,8,3,31,4,139.87,4.4,86135.34,216.0
BELGARD_BARBERS_001,2024-08-11,19501.550000000003,44.0,6,2785.9357142857148,44125.05,101.0,13,3151.789285714286,97693.16,225.0,29,3256.438666666667,203850.3,453.0,58,3397.5049999999997,308813.20999999996,678.0,87,3431.2578888888884,3158.635,1743.697186436019,0.5354613935415802,-0.050949018664065315,434.19182222222224,0.4358319456551513,154,0.2662337662337662,41,6,8,3,31,11,139.87,4.4,88623.23999999999,227.0
BELGARD_BARBERS_001,2024-08-18,21239.72,49.0,7,3034.2457142857143,40741.27,93.0,13,2910.090714285714,96372.12999999999,223.0,29,3212.404333333333,198924.76999999996,446.0,58,3315.412833333333,312338.73000000004,686.0,87,3470.4303333333337,3158.635,1688.3112519510598,0.5255600095020396,-0.07434985728474997,432.1620179372197,0.4562418616253475,158,0.21518987341772153,34,6,8,3,31,18,139.87,4.4,82657.34000000003,218.0
BELGARD_BARBERS_001,2024-08-25,16919.7,45.0,7,2417.1,38159.42,94.0,14,2725.672857142857,92031.67000000001,216.0,29,3067.7223333333336,184452.6,424.0,58,3074.21,309063.49,691.0,88,3434.038777777778,3108.3599999999997,1501.6527468086251,0.48950086860597825,-0.10667219217643586,426.07254629629637,0.4604697491635216,155,0.23225806451612904,36,6,8,3,31,25,139.87,4.4,94239.95999999999,228.0
BELGARD_BARBERS_001,2024-09-01,24494.17,67.0,7,3499.1671428571426,41413.87,112.0,14,2958.1335714285715,92501.23999999999,227.0,29,3083.374666666666,191388.35000000003,449.0,59,3189.805833333334,300228.43999999994,687.0,88,3335.871555555555,3158.635,1389.6345801510395,0.4506862546332481,-0.07569143016564317,407.494449339207,0.44858447302976695,165,0.23030303030303031,38,6,9,3,30,1,140.13,3.6,93505.88,220.0
BELGARD_BARBERS_001,2024-09-08,18607.600000000002,47.0,7,2658.2285714285717,43101.770000000004,114.0,14,3078.6978571428576,87627.09,223.0,30,2920.903,183929.05000000002,443.0,59,3065.484166666667,289687.29,672.0,88,3218.7476666666666,2735.975,1198.5315484935445,0.41032911688390356,-0.09253433245207277,392.9465919282511,0.42813951712877835,162,0.22839506172839505,37,6,9,3,30,8,140.13,3.6,98277.28,222.0
BELGARD_BARBERS_001,2024-09-15,18952.920000000002,50.0,7,2707.5600000000004,37560.52,97.0,14,2682.8942857142856,85639.74000000002,221.0,30,2854.658000000001,181712.42,446.0,59,3028.5403333333334,282574.41000000003,666.0,88,3139.715666666667,2735.975,1239.4188413376112,0.4341741957662217,-0.09079091769137893,387.5101357466064,0.41484327252745035,159,0.2389937106918239,38,6,9,3,30,15,140.13,3.6,94647.35000000002,211.0
BELGARD_BARBERS_001,2024-09-22,24523.22,49.0,7,3503.317142857143,43476.14,99.0,14,3105.4385714285713,95831.15999999997,235.0,30,3194.371999999999,186139.03999999998,445.0,59,3102.317333333333,277298.06000000006,651.0,88,3081.089555555556,3234.325,1296.0378088579566,0.40572538478860853,0.03676700803460298,407.7921702127658,0.40913435671654197,165,0.2606060606060606,43,6,9,3,30,22,140.13,3.6,95495.98000000001,220.0
BELGARD_BARBERS_001,2024-09-29,26116.620000000003,57.0,7,3730.9457142857145,50639.840000000004,106.0,14,3617.131428571429,97064.37999999999,224.0,30,3235.479333333333,189109.25000000003,450.0,59,3151.8208333333337,281179.91,656.0,88,3124.221222222222,3284.6000000000004,1441.5194030927537,0.44553503656833343,0.035611470250488386,433.32312499999995,0.3634653618557086,155,0.2645161290322581,41,6,9,3,30,29,140.13,3.6,91419.63000000002,217.0
BELGARD_BARBERS_001,2024-10-06,19136.22,51.0,7,2733.7457142857143,45252.84,108.0,14,3232.345714285714,95097.08,224.0,30,3169.902666666667,180235.72000000003,437.0,59,3003.928666666667,276240.43000000005,660.0,89,3069.3381111111116,3225.7,1383.8688385511427,0.4365650886077078,0.032764248158750675,424.54053571428574,0.3436868934356344,157,0.25477707006369427,40,6,10,4,31,6,140.44,2.7,100036.56,230.0
BELGARD_BARBERS_001,2024-10-13,22381.739999999998,46.0,7,3197.391428571428,41517.96,97.0,14,2965.5685714285714,96534.15,215.0,30,3217.805,183318.11000000002,439.0,60,3055.3018333333334,278296.84,659.0,89,3092.1871111111113,3274.325,1400.4697057624394,0.4352251630420238,0.0406242844870246,448.99604651162787,0.32156071193458485,148,0.25675675675675674,38,6,10,4,31,13,140.44,2.7,97355.81999999999,229.0
BELGARD_BARBERS_001,2024-10-20,21791.65,51.0,7,3113.092857142857,44173.39,97.0,14,3155.242142857143,99772.33,225.0,30,3325.7443333333335,189837.59000000003,454.0,60,3163.959833333334,277655.92,656.0,89,3085.0657777777774,3332.9500000000003,1601.370913812461,0.48150752231980376,0.07801407583890185,443.4325777777778,0.339050315854105,163,0.2085889570552147,34,6,10,4,31,20,140.44,2.7,98496.19000000002,232.0
BELGARD_BARBERS_001,2024-10-27,23033.670000000002,56.0,7,3290.524285714286,44825.32,107.0,14,3201.808571428571,91668.25,220.0,30,3055.608333333333,188881.81,443.0,60,3148.0301666666664,279133.28,663.0,89,3101.4808888888892,3034.875,1574.9854194501472,0.5154408705686475,-0.014790533038554377,416.67386363636365,0.3153464803789753,152,0.28289473684210525,43,6,10,4,31,27,140.44,2.7,94567.92,223.0
BELGARD_BARBERS_001,2024-11-03,27558.65,64.0,7,3936.9500000000003,50592.32,120.0,14,3613.7371428571428,101033.81,234.0,30,3367.7936666666665,195832.53999999998,454.0,60,3263.8756666666663,280573.93000000005,666.0,89,3117.4881111111117,3383.2250000000004,1658.5011851618385,0.49245926244744365,0.0802907811142679,431.7684188034188,0.315152323761719,159,0.2578616352201258,41,6,11,4,30,3,140.81,2.8,91355.24,218.0
BELGARD_BARBERS_001,2024-11-10,17312.0,43.0,7,2473.1428571428573,44870.65,107.0,14,3205.046428571429,94422.04000000001,225.0,30,3147.4013333333337,192649.03999999998,446.0,60,3210.817333333333,280476.68,671.0,90,3116.4075555555555,2884.6000000000004,1634.8237037241117,0.5194201598665242,0.00994535445870226,419.65351111111113,0.33406649549194234,149,0.2751677852348993,41,6,11,4,30,10,140.81,2.8,97820.58,221.0
BELGARD_BARBERS_001,2024-11-17,21588.350000000002,49.0,7,3084.05,38900.35,92.0,14,2778.5964285714285,96655.26999999999,223.0,30,3221.842333333333,197571.27000000002,452.0,60,3292.8545000000004,281420.91000000003,672.0,90,3126.8990000000003,2885.15,1488.6825891722372,0.46205941667916417,0.030363415426380103,433.4317040358744,0.3412557846043987,149,0.26174496644295303,39,6,11,4,30,17,140.81,2.8,96627.17999999998,222.0
BELGARD_BARBERS_001,2024-11-24,23829.27,55.0,7,3404.1814285714286,45417.62000000001,104.0,14,3244.115714285715,95713.79000000001,227.0,30,3190.459666666667,192898.21999999997,453.0,60,3214.9703333333327,285737.08,672.0,90,3174.8564444444446,3084.6000000000004,1290.9979488687125,0.404643243842516,0.0049146229113841144,421.6466519823789,0.33632321946503213,146,0.2671232876712329,39,6,11,4,30,24,140.81,2.8,97985.25,216.0
BELGARD_BARBERS_001,2024-12-01,19452.370000000003,49.0,7,2778.9100000000003,43281.64,104.0,14,3091.5457142857144,90440.74,216.0,30,3014.6913333333337,189683.35,444.0,60,3161.389166666667,282293.08,661.0,90,3136.589777777778,2835.425,1263.1633373340478,0.4190025437653587,-0.03886336852465533,418.70712962962966,0.38834655709362836,136,0.25735294117647056,35,6,12,4,31,1,141.66,3.0,89175.13,189.0
BELGARD_BARBERS_001,2024-12-08,23600.09,52.0,7,3371.441428571429,43052.46,101.0,14,3075.175714285714,94440.38,219.0,30,3148.012666666667,189606.09000000003,446.0,60,3160.1015,285396.57,661.0,90,3171.073,3033.775,1270.049945587268,0.40344499214867663,-0.007272091602221975,431.23461187214616,0.32030049010815076,143,0.2517482517482518,36,6,12,4,31,8,141.66,3.0,86474.94,192.0
BELGARD_BARBERS_001,2024-12-15,23379.55,51.0,7,3339.9357142857143,46979.64,103.0,14,3355.6885714285713,96428.27999999998,223.0,30,3214.2759999999994,196967.6,457.0,60,3282.7933333333335,291016.05000000005,667.0,90,3233.511666666667,3232.675,1323.6810466538632,0.4118131257719821,-0.005948847151214132,432.41381165919273,0.3085178953726024,148,0.27702702702702703,41,6,12,4,31,15,141.66,3.0,75833.79,174.0
BELGARD_BARBERS_001,2024-12-22,24869.1,51.0,7,3552.7285714285713,48248.649999999994,102.0,14,3446.3321428571426,97670.31,217.0,30,3255.677,195668.15000000002,450.0,60,3261.1358333333337,289770.73,665.0,90,3219.6747777777778,2836.525,1449.1328327386004,0.4451095218409567,0.011181943738762135,450.09359447004607,0.3086674957824952,147,0.2585034013605442,38,6,12,4,31,22,141.66,3.0,66980.54,158.0
BELGARD_BARBERS_001,2024-12-29,14142.890000000001,27.0,5,2020.4128571428573,39011.99,78.0,12,2786.570714285714,94348.73,200.0,28,3144.9576666666667,186975.17,420.0,58,3116.2528333333335,280035.73,639.0,88,3111.508111111111,3143.17,1606.389035476117,0.5107824033697487,0.010750271045769866,471.74365,0.29735217421580556,145,0.2,29,6,12,4,31,29,141.66,3.0,67563.95,166.0
BELGARD_BARBERS_001,2025-01-05,18204.850000000002,43.0,6,2600.6928571428575,32347.74,70.0,11,2310.552857142857,83982.09,182.0,27,2799.403,179814.77000000002,404.0,57,2996.9128333333338,275873.33,632.0,87,3065.2592222222224,2685.7,1759.7395441165909,0.6286124377649774,-0.08673205198922285,461.44005494505495,0.362490383366263,139,0.17985611510791366,25,6,1,1,31,5,142.68,3.3,70849.09999999999,170.0
BELGARD_BARBERS_001,2025-01-12,16125.2,44.0,7,2303.6,34330.05,87.0,13,2452.1464285714287,78812.89,178.0,27,2627.0963333333334,175045.56999999998,400.0,57,2917.426166666666,273492.04,630.0,87,3038.800444444444,2586.25,1801.0175834112656,0.6855544505770308,-0.13548244402286802,442.76904494382023,0.36223452787989374,136,0.13970588235294118,19,6,1,1,31,12,142.68,3.3,76612.80000000002,176.0
BELGARD_BARBERS_001,2025-01-19,14527.400000000001,33.0,7,2075.342857142857,30652.600000000002,77.0,14,2189.4714285714285,69565.14,159.0,27,2318.838,168131.60000000003,382.0,57,2802.193333333334,263544.84,608.0,87,2928.2760000000003,2089.55,1660.6696372877218,0.7161645778134228,-0.20812177540641663,437.5166037735849,0.4075453596442126,115,0.20869565217391303,24,6,1,1,31,19,142.68,3.3,82279.25000000001,183.0
BELGARD_BARBERS_001,2025-01-26,16319.7,40.0,7,2331.3857142857146,30847.100000000002,73.0,14,2203.364285714286,69453.5,166.0,29,2315.116666666667,164302.78000000003,373.0,57,2738.379666666667,256828.67000000004,591.0,87,2853.6518888888895,1990.1,1586.7795193584884,0.6853993762841994,-0.18871791066005228,418.394578313253,0.373866687783913,120,0.20833333333333334,25,6,1,1,31,26,142.68,3.3,84516.87,192.0
BELGARD_BARBERS_001,2025-02-02,16814.75,38.0,7,2402.1071428571427,33134.45,78.0,14,2366.746428571428,74532.05,180.0,30,2484.4016666666666,156223.49000000002,351.0,57,2603.7248333333337,247281.47000000003,568.0,87,2747.571888888889,1990.65,1680.1197989768136,0.6762673771794069,-0.09578283403119536,414.06694444444446,0.38050409186383577,128,0.2109375,27,6,2,1,28,2,143.12,3.5,93028.9,204.0
BELGARD_BARBERS_001,2025-02-09,23479.0,51.0,7,3354.1428571428573,40293.75,89.0,14,2878.125,72632.59999999999,166.0,30,2421.0866666666666,157119.64,359.0,57,2618.660666666667,251557.82,573.0,87,2795.086888888889,1990.65,1507.6890250166164,0.6227323646750701,-0.13380629550693357,437.54578313253006,0.3384396262835146,117,0.23931623931623933,28,6,2,1,28,9,143.12,3.5,89940.45000000003,196.0
BELGARD_BARBERS_001,2025-02-16,22084.500000000007,45.0,7,3154.9285714285725,45563.499999999985,96.0,14,3254.5357142857133,83971.00000000001,187.0,30,2799.0333333333338,157516.34000000005,352.0,57,2625.2723333333342,251258.37000000002,568.0,87,2791.759666666667,2387.3500000000004,1454.1332515931574,0.5195126597015007,0.0026054057423043897,449.0427807486632,0.33661383096545233,133,0.23308270676691728,31,6,2,1,28,16,143.12,3.5,90140.45000000001,199.0
BELGARD_BARBERS_001,2025-02-23,17960.620000000003,48.0,7,2565.8028571428576,40045.119999999995,93.0,14,2860.365714285714,84519.07,194.0,30,2817.3023333333335,152974.77000000002,356.0,58,2549.5795000000003,249467.17,568.0,87,2771.857444444445,2710.5600000000004,1318.477454954978,0.46799288786127596,0.016395103211376494,435.66530927835055,0.3432819362541495,131,0.26717557251908397,35,6,2,1,28,23,143.12,3.5,86208.87999999998,184.0
BELGARD_BARBERS_001,2025-03-02,21490.000000000004,47.0,7,3070.0000000000005,39450.62,95.0,14,2817.901428571429,91683.87,206.0,30,3056.129,163822.52000000002,381.0,60,2730.375333333334,248899.65000000002,559.0,87,2765.5516666666667,3184.05,1390.1797974802876,0.4548825646693211,0.10507029640258625,445.06733009708734,0.36421859155814434,142,0.2605633802816901,37,6,3,1,31,2,143.69,3.6,83620.43000000001,179.0
BELGARD_BARBERS_001,2025-03-09,25222.93,50.0,7,3603.2757142857145,46712.93,97.0,14,3336.6378571428572,93725.04999999999,207.0,30,3124.168333333333,164365.35,368.0,60,2739.4225,250144.13999999998,560.0,87,2779.3793333333333,3184.05,1254.4181779244202,0.4015206749714469,0.12405251628121272,452.77801932367146,0.360472146987385,144,0.2222222222222222,32,6,3,1,31,9,143.69,3.6,79585.85,178.0
BELGARD_BARBERS_001,2025-03-16,20792.75,43.0,7,2970.3928571428573,46015.68000000001,93.0,14,3286.834285714286,90642.10000000002,202.0,30,3021.403333333334,172520.25,381.0,60,2875.3375,250640.28999999998,556.0,87,2784.892111111111,3083.5,1320.8633986963057,0.4371688427440357,0.08492652956952806,448.72326732673275,0.3913724417240994,139,0.22302158273381295,31,6,3,1,31,16,143.69,3.6,77990.25,178.0
BELGARD_BARBERS_001,2025-03-23,16813.65,39.0,7,2401.9500000000003,37606.399999999994,82.0,14,2686.1714285714284,90340.45,196.0,30,3011.3483333333334,176202.10000000003,388.0,60,2936.7016666666673,240398.04,540.0,87,2671.0893333333333,3083.5,1404.6928875287613,0.46646642368798075,0.12738585555855608,460.92066326530613,0.40699011350950753,143,0.18181818181818182,26,6,3,1,31,23,143.69,3.6,76793.54999999999,178.0
BELGARD_BARBERS_001,2025-03-30,12136.75,31.0,7,1733.8214285714287,28950.4,70.0,14,2067.8857142857146,83525.37999999999,182.0,30,2784.179333333333,173214.75000000003,383.0,60,2886.9125000000004,240380.9,548.0,89,2670.898888888889,2438.175,1400.704168975813,0.5030940903145175,0.04241285393307037,458.9306593406593,0.42766941018406623,133,0.20300751879699247,27,6,3,1,31,30,143.69,3.6,82271.54999999997,195.0
BELGARD_BARBERS_001,2025-04-06,20194.95,46.0,7,2884.9928571428572,32331.699999999997,77.0,14,2309.407142857143,77000.15000000001,176.0,30,2566.671666666667,172317.50000000003,383.0,60,2871.958333333334,238881.45,538.0,90,2654.2383333333337,2091.2,1361.0993365464633,0.5302974097634081,-0.03299125989062768,437.50085227272734,0.4147608803359473,127,0.23622047244094488,30,6,4,2,30,6,144.09,4.1,90028.65,208.0
BELGARD_BARBERS_001,2025-04-13,23672.4,50.0,7,3381.7714285714287,43867.35,96.0,14,3133.3821428571428,81474.29999999999,185.0,30,2715.8099999999995,170819.15000000002,380.0,60,2846.9858333333336,250013.25,555.0,90,2777.925,2338.175,1570.2705008161279,0.5781960081213812,-0.022360214908610065,440.4016216216216,0.39320497383837605,129,0.24031007751937986,31,6,4,2,30,13,144.09,4.1,89332.49999999997,207.0
BELGARD_BARBERS_001,2025-04-20,16709.8,41.0,7,2387.1142857142854,40382.2,91.0,14,2884.442857142857,79182.54999999999,184.0,30,2639.418333333333,169422.45000000004,381.0,60,2823.707500000001,252298.4,565.0,90,2803.3155555555554,2187.8999999999996,1456.871628151873,0.5519669276192317,-0.058465491655912305,430.33994565217387,0.3505235686398077,129,0.2248062015503876,29,6,4,2,30,20,144.09,4.1,102118.95999999998,227.0
BELGARD_BARBERS_001,2025-04-27,16614.75,42.0,7,2373.535714285714,33324.55,83.0,14,2380.3250000000003,82166.59999999998,192.0,30,2738.886666666666,169269.97999999998,378.0,60,2821.166333333333,252395.65000000002,567.0,90,2804.396111111111,2438.175,1344.4594475682618,0.4908780870456836,-0.023359554730836618,427.9510416666665,0.3353461138710864,138,0.21014492753623187,29,6,4,2,30,27,144.09,4.1,115549.66,245.0
BELGARD_BARBERS_001,2025-05-04,29649.3,66.0,7,4235.614285714286,46264.05,108.0,14,3304.5750000000003,91420.95,211.0,30,3047.365,172399.1,392.0,60,2873.3183333333336,261948.35,590.0,90,2910.537222222222,2338.725,1719.6434654287111,0.5643050522102575,0.04701117605818084,433.274644549763,0.336234200147778,151,0.2119205298013245,32,6,5,2,31,4,144.88,3.8,115846.91,248.0
BELGARD_BARBERS_001,2025-05-11,20292.2,48.0,7,2898.8857142857146,49941.49999999999,114.0,14,3567.2499999999995,90427.54999999997,210.0,30,3014.2516666666656,171502.95000000004,393.0,60,2858.3825000000006,259358.25000000003,586.0,90,2881.7583333333337,2338.725,1733.0462333457492,0.5749507423387286,0.045976559450103816,430.6073809523808,0.39822819483664007,145,0.2482758620689655,36,6,5,2,31,11,144.88,3.8,126511.25,271.0
BELGARD_BARBERS_001,2025-05-18,26908.36,57.0,7,3844.0514285714285,47200.56,105.0,14,3371.468571428571,97840.40999999999,224.0,30,3261.3469999999998,177322.41000000003,406.0,60,2955.3735000000006,266269.46,602.0,90,2958.549555555556,2586.8,1808.2036828689959,0.554434619459075,0.10234658529746499,436.7875446428571,0.40977587890320577,153,0.24183006535947713,37,6,5,2,31,18,144.88,3.8,129746.69000000002,278.0
BELGARD_BARBERS_001,2025-05-25,28850.95,55.0,7,4121.564285714286,55759.31,112.0,14,3982.807857142857,111968.35999999999,243.0,30,3732.278666666666,191349.81000000003,428.0,60,3189.1635000000006,276364.19,608.0,90,3070.713222222222,2788.45,2037.799286954325,0.5459933378378478,0.21544357827256833,460.77514403292173,0.37942718818066107,168,0.25595238095238093,43,6,5,2,31,25,144.88,3.8,132972.75999999998,286.0
BELGARD_BARBERS_001,2025-06-01,28055.9,62.0,7,4007.9857142857145,56906.850000000006,117.0,14,4064.7750000000005,112266.71,239.0,30,3742.2236666666668,201696.45999999996,449.0,60,3361.607666666666,281082.31,623.0,90,3123.1367777777778,3629.925,1801.7477815877992,0.4814644826381211,0.19822599294847132,469.73518828451887,0.393497680657071,164,0.2682926829268293,44,6,6,2,30,1,145.58,3.8,113372.86,240.0
BELGARD_BARBERS_001,2025-06-08,37103.65,83.0,7,5300.521428571429,65159.549999999996,145.0,14,4654.253571428571,130965.51,281.0,30,4365.517,217016.16,482.0,60,3616.936,296403.11,660.0,90,3293.367888888889,4527.175,1902.5976699487292,0.4358241349074415,0.3255479336907092,466.0694306049822,0.3380580123728759,191,0.27225130890052357,52,6,6,2,30,8,145.58,3.8,76667.01,158.0
BELGARD_BARBERS_001,2025-06-15,25889.54,61.0,7,3698.5057142857145,62993.19,144.0,14,4499.513571428572,131143.38,287.0,30,4371.446,223110.75,498.0,60,3718.5125,301798.25000000006,678.0,90,3353.3138888888893,4379.65,2107.9095158609944,0.48219960074103496,0.303619686330189,456.945574912892,0.34746199160033847,209,0.22488038277511962,47,6,6,2,30,15,145.58,3.8,59680.439999999995,120.0
BELGARD_BARBERS_001,2025-06-22,35807.5,66.0,7,5115.357142857143,61697.03999999999,127.0,14,4406.931428571428,133623.59000000003,289.0,30,4454.119666666667,243103.50000000003,525.0,60,4051.7250000000004,320692.65,705.0,90,3563.251666666667,4527.175,1949.1313678704562,0.43760193118680374,0.25001545872660325,462.3653633217994,0.34022735057484976,208,0.23557692307692307,49,6,6,2,30,22,145.58,3.8,51176.91,111.0
BELGARD_BARBERS_001,2025-06-29,14572.17,30.0,5,2081.7385714285715,50379.67,96.0,12,3598.547857142857,121333.26000000001,260.0,28,4044.4420000000005,240458.72,508.0,58,4007.6453333333334,321336.87,699.0,88,3570.4096666666665,3779.65,2384.3002953213195,0.5895251546001449,0.13276693085359326,466.66638461538463,0.3189183246209654,192,0.21354166666666666,41,6,6,2,30,29,145.58,3.8,65605.40999999999,140.0
BELGARD_BARBERS_001,2025-07-06,397.8,1.0,1,56.82857142857143,14969.97,31.0,6,1069.2835714285713,84923.56000000001,179.0,22,2830.7853333333337,213103.37,451.0,52,3551.7228333333333,298457.87,649.0,82,3316.1985555555557,2734.875,2576.141246267025,0.9100447200754507,-0.14637640481720238,474.4332960893855,0.36191370215756374,136,0.20588235294117646,28,6,7,3,31,6,145.74,4.1,92864.06,200.0
BELGARD_BARBERS_001,2025-07-13,3481.85,9.0,1,497.40714285714284,3879.65,10.0,2,277.11785714285713,65599.37000000001,131.0,16,2186.645666666667,192415.56999999998,410.0,46,3206.926166666666,282046.4199999999,616.0,76,3133.8491111111102,298.9,2729.193332936411,1.2481186936413007,-0.30224921840879926,500.75854961832067,0.39574008104041236,104,0.17307692307692307,18,6,7,3,31,13,145.74,4.1,114499.93000000002,241.0
BELGARD_BARBERS_001,2025-07-20,27454.24,59.0,7,3922.034285714286,30936.09,68.0,8,2209.720714285714,57044.46000000001,120.0,16,1901.4820000000002,191865.3,409.0,46,3197.7549999999997,293287.00999999995,635.0,76,3258.744555555555,298.9,2420.7783375908944,1.273100843232223,-0.4164986031941884,475.37050000000005,0.41846833154350127,96,0.17708333333333334,17,6,7,3,31,20,145.74,4.1,113557.90999999999,244.0
BELGARD_BARBERS_001,2025-07-27,25416.070000000003,50.0,6,3630.8671428571433,52870.31,109.0,13,3776.450714285714,56749.95999999999,119.0,15,1891.6653333333331,186538.67000000004,397.0,45,3108.977833333334,301088.32999999996,637.0,75,3345.4258888888885,198.9,2443.8865913618456,1.2919233377583945,-0.43455171444207086,476.8904201680672,0.4145645212789578,97,0.17525773195876287,17,6,7,3,31,27,145.74,4.1,126838.88999999998,273.0
BELGARD_BARBERS_001,2025-08-03,29399.300000000003,68.0,7,4199.900000000001,54815.37,118.0,13,3915.3835714285715,85751.46,186.0,21,2858.382,182807.92,391.0,45,3046.798666666667,301838.32999999996,644.0,75,3353.759222222222,3184.05,2382.54836813778,0.8335304267021623,-0.14770804622461298,461.0293548387097,0.37294840227793197,134,0.2462686567164179,33,6,8,3,31,3,146.21,4.5,124396.04000000001,262.0
BELGARD_BARBERS_001,2025-08-10,28251.219999999998,53.0,7,4035.888571428571,57650.52,121.0,14,4117.894285714286,114002.68,239.0,28,3800.089333333333,184081.7,380.0,45,3068.0283333333336,309201.75,649.0,75,3435.575,3629.925,1940.4395259252192,0.5106299762229851,0.10609994930494393,476.9986610878661,0.3612291395254919,164,0.24390243902439024,40,6,8,3,31,10,146.21,4.5,121209.52,261.0
BELGARD_BARBERS_001,2025-08-17,23129.820000000003,56.0,7,3304.2600000000007,51381.04,109.0,14,3670.074285714286,115447.45999999999,246.0,29,3848.2486666666664,175278.72000000003,371.0,45,2921.3120000000004,305224.31000000006,647.0,75,3391.3812222222227,3481.3,1805.6589058673908,0.46921575560018147,0.13471426964647715,469.2986178861788,0.3730947393732179,173,0.2254335260115607,39,6,8,3,31,17,146.21,4.5,133892.7,271.0
BELGARD_BARBERS_001,2025-08-24,35213.0,71.0,7,5030.428571428572,58342.82,127.0,14,4167.344285714285,126786.95999999999,273.0,30,4226.232,180502.05,381.0,45,3008.3675,309693.51,660.0,75,3441.039,3904.375,1852.0599942629647,0.4382296083752536,0.22818485928232723,464.42109890109884,0.3742477933061886,185,0.23783783783783785,44,6,8,3,31,24,146.21,4.5,129860.56999999998,264.0
BELGARD_BARBERS_001,2025-08-31,28453.7,61.0,7,4064.8142857142857,63666.700000000004,132.0,14,4547.621428571429,123502.09000000001,261.0,30,4116.736333333333,201197.0,428.0,50,3353.2833333333333,305416.06,648.0,75,3393.5117777777778,3929.925,1698.9072664087805,0.4126830403620167,0.21311980123114682,473.1880842911878,0.35640303738989354,181,0.2265193370165746,41,6,8,3,31,31,146.21,4.5,137615.19,277.0
BELGARD_BARBERS_001,2025-09-07,28544.35,59.0,7,4077.7642857142855,56998.049999999996,120.0,14,4071.2892857142856,124541.09,264.0,30,4151.3696666666665,229343.55000000002,486.0,56,3822.3925000000004,304019.36,638.0,75,3377.992888888889,3779.1000000000004,1861.9228599908631,0.4485080851606959,0.22894565004018164,471.746553030303,0.3805886073423639,190,0.2,38,6,9,3,30,7,146.56,4.6,140699.22999999998,282.0
BELGARD_BARBERS_001,2025-09-14,35114.1,64.0,7,5016.3,63658.450000000004,123.0,14,4547.032142857143,132698.74999999997,269.0,30,4423.291666666666,253564.03,521.0,59,4226.067166666667,311356.57,640.0,75,3459.5174444444447,4128.825,2072.4864028135917,0.4685393953176481,0.2785863166465379,493.3039033457248,0.39207415292156117,183,0.24043715846994534,44,6,9,3,30,14,146.56,4.6,138058.85,279.0
BELGARD_BARBERS_001,2025-09-21,30834.449999999997,63.0,7,4404.921428571428,65948.55,127.0,14,4710.6107142857145,136574.55,272.0,30,4552.485,255900.55999999994,527.0,59,4265.0093333333325,307576.92,638.0,75,3417.521333333333,4226.625,1885.6391028044047,0.41419995953954925,0.3321014138512084,502.11231617647053,0.4202528948475394,183,0.26229508196721313,48,6,9,3,30,21,146.56,4.6,132292.4,265.0
BELGARD_BARBERS_001,2025-09-28,32678.940000000002,68.0,7,4668.42,63513.390000000014,131.0,14,4536.670714285715,134532.24000000002,266.0,30,4484.408,258784.87999999998,536.0,60,4313.081333333333,328368.8400000001,682.0,78,3648.5426666666676,3880.475,2239.275352302466,0.49934692657368956,0.229095671806131,505.76030075187975,0.46285685869795967,176,0.24431818181818182,43,6,9,3,30,28,146.56,4.6,137509.41,264.0
BELGARD_BARBERS_001,2025-10-05,33915.74,71.0,7,4845.105714285714,66594.68000000001,139.0,14,4756.762857142858,144379.98,290.0,30,4812.666,267332.07,548.0,60,4455.5345,361886.77999999997,752.0,84,4020.964222222222,4600.11,2286.5970162807444,0.4751206537666949,0.19689351459591875,497.862,0.4653902847195297,187,0.25668449197860965,48,6,10,4,31,5,146.84,4.6,132290.22,257.0
BELGARD_BARBERS_001,2025-10-12,29589.670000000002,60.0,7,4227.095714285714,63505.409999999996,131.0,14,4536.100714285714,140847.85,288.0,30,4694.928333333333,270112.26999999996,556.0,60,4501.871166666666,384164.68,793.0,89,4268.496444444444,4624.424999999999,2243.622263977136,0.4778821112236649,0.0999021305134038,489.0550347222222,0.4533917983128603,181,0.26519337016574585,48,6,10,4,31,12,146.84,4.6,136675.92,268.0
BELGARD_BARBERS_001,2025-10-19,24470.200000000004,47.0,7,3495.7428571428577,54059.87000000001,107.0,14,3861.4192857142866,131396.24999999997,270.0,30,4379.874999999999,268866.95,541.0,60,4481.115833333333,381430.36000000004,783.0,89,4238.115111111111,4550.385,2322.498620112615,0.530265959670679,0.033448805700731166,486.65277777777766,0.42014068133603527,178,0.24719101123595505,44,6,10,4,31,19,146.84,4.6,139660.52,274.0
BELGARD_BARBERS_001,2025-10-26,33024.0,64.0,7,4717.714285714285,57494.2,111.0,14,4106.728571428571,139500.88,277.0,30,4650.029333333334,261698.85000000003,523.0,60,4361.647500000001,389432.79,796.0,90,4327.031,4624.424999999999,2461.2867491807797,0.529305639329468,0.07464664185057468,503.61328519855596,0.3878897394769123,184,0.20652173913043478,38,6,10,4,31,26,146.84,4.6,134688.02000000002,269.0
BELGARD_BARBERS_001,2025-11-02,37746.5,67.0,7,5392.357142857143,70770.5,131.0,14,5055.035714285715,137114.64,264.0,30,4570.488,275376.25000000006,539.0,60,4589.604166666668,395941.54000000004,794.0,90,4399.350444444445,4574.7,2350.45441265074,0.5142677133493709,0.03890064174625363,519.3736363636364,0.3228250462532666,180,0.2,36,6,11,4,30,2,147.08,4.5,136529.22,271.0
BELGARD_BARBERS_001,2025-11-09,28554.25,68.0,7,4079.1785714285716,66300.75,135.0,14,4735.767857142857,132297.91999999998,264.0,30,4409.930666666666,273196.05,550.0,60,4553.2675,398781.37,812.0,90,4430.904111111111,4028.825,2278.0510468906436,0.5165729847205407,-0.00473344579763102,501.1284848484848,0.3019039906296335,181,0.18232044198895028,33,6,11,4,30,9,147.08,4.5,157517.02000000002,276.0
BELGARD_BARBERS_001,2025-11-16,31881.42,58.0,7,4554.488571428571,60435.67,126.0,14,4316.833571428571,136380.87000000002,269.0,30,4546.029,272646.87000000005,544.0,60,4544.114500000001,408626.92000000004,817.0,90,4540.299111111111,4252.035,2264.422631081854,0.498110027692708,0.0012620069181932259,506.9920817843867,0.30127172527935914,178,0.19101123595505617,34,6,11,4,30,16,147.08,4.5,164874.67000000004,285.0
BELGARD_BARBERS_001,2025-11-23,26060.3,55.0,7,3722.9,57941.719999999994,113.0,14,4138.694285714285,133890.21999999997,269.0,30,4463.007333333332,269414.2,536.0,60,4490.236666666667,395593.47,791.0,90,4395.482999999999,4301.76,2224.456048421626,0.498420881320897,0.015362210099170603,497.733159851301,0.32171505879966444,174,0.21264367816091953,37,6,11,4,30,23,147.08,4.5,170595.52000000005,292.0
BELGARD_BARBERS_001,2025-11-30,37798.7,67.0,7,5399.814285714286,63858.99999999999,122.0,14,4561.357142857142,132949.02,266.0,30,4431.634,271801.8300000001,532.0,60,4530.030500000002,405140.67,800.0,90,4501.563,4400.66,1949.0470355938908,0.43980324990599196,-0.015534382169037797,499.8083458646616,0.3240008839478471,167,0.2215568862275449,37,6,11,4,30,30,147.08,4.5,146525.31999999995,253.0
BELGARD_BARBERS_001,2025-12-07,49538.75,77.0,7,7076.964285714285,87337.45,144.0,14,6238.3892857142855,153240.66999999998,279.0,30,5108.022333333332,289014.94,543.0,60,4816.915666666667,427030.12,820.0,90,4744.779111111111,4973.05,2507.966712763792,0.4909858550142973,0.0765564030940018,549.2497132616487,0.3362860525211747,171,0.26900584795321636,46,6,12,4,31,7,148.02,4.5,142601.95,252.0
BELGARD_BARBERS_001,2025-12-14,39940.72,69.0,7,5705.817142857143,89479.47,146.0,14,6391.390714285714,162987.87000000002,289.0,30,5432.929000000001,295885.24,549.0,60,4931.420666666667,432154.54000000004,826.0,90,4801.717111111111,5670.85,2416.4698445161002,0.4447821505703645,0.1314554510985817,563.9718685121109,0.35369024701040624,178,0.25842696629213485,46,6,12,4,31,14,148.02,4.5,136629.73,241.0
BELGARD_BARBERS_001,2025-12-21,31878.399999999998,60.0,7,4554.057142857143,71819.12,129.0,14,5129.937142857142,166318.07,289.0,30,5543.935666666667,301303.34,558.0,60,5021.722333333334,434689.69,825.0,90,4829.885444444444,5672.225,2223.725759288801,0.4011095894671218,0.1478399913280668,575.4950519031142,0.33554123132862224,178,0.29213483146067415,52,6,12,4,31,21,148.02,4.5,133548.97999999998,228.0
BELGARD_BARBERS_001,2025-12-28,23075.700000000004,42.0,7,3296.528571428572,54954.10000000001,102.0,14,3925.292857142858,154082.41999999995,265.0,30,5136.080666666665,288970.44,540.0,60,4816.174,421705.15,792.0,90,4685.612777777778,5446.4,2601.7048365266614,0.506554512161737,0.09613852237754217,581.4430943396225,0.3421708978869881,177,0.24293785310734464,43,6,12,4,31,28,148.02,4.5,132357.23,234.0
BELGARD_BARBERS_001,2026-01-04,29251.460000000003,53.0,7,4178.780000000001,52327.159999999996,95.0,14,3737.6542857142854,141257.73,247.0,30,4708.591,285944.05,523.0,60,4765.734166666666,419826.57000000007,780.0,90,4664.739666666667,5396.12,2568.762455408376,0.5455480111584072,0.009400596060415989,571.8936437246964,0.39369399465784977,167,0.2275449101796407,38,6,1,1,31,4,148.96,4.4,137620.97,244.0
BELGARD_BARBERS_001,2026-01-11,44765.41999999999,72.0,7,6395.059999999999,74016.88,125.0,14,5286.92,143047.00000000003,254.0,30,4768.2333333333345,299718.14999999997,526.0,60,4995.3025,430028.72,788.0,90,4778.096888888888,5396.12,2670.5375691576073,0.5600685584089719,-0.0020643272384222033,563.1771653543308,0.33869406558683496,169,0.2603550295857988,44,6,1,1,31,11,148.96,4.4,122155.40000000001,240.0
BELGARD_BARBERS_001,2026-01-18,31980.050000000003,54.0,7,4568.578571428572,76745.47,126.0,14,5481.819285714286,136881.38,236.0,30,4562.712666666667,303546.70000000007,527.0,60,5059.111666666668,436344.07,793.0,90,4848.267444444445,5073.875,2618.8370833736276,0.5739649359263387,-0.05889831389252054,580.0058474576272,0.3263194015139239,162,0.20987654320987653,34,6,1,1,31,18,148.96,4.4,117679.5,246.0
BELGARD_BARBERS_001,2026-01-25,22977.899999999998,48.0,7,3282.5571428571425,54957.950000000004,102.0,14,3925.5678571428575,133052.28,235.0,30,4435.076,296286.3,513.0,60,4938.105,426497.9699999999,775.0,90,4738.8663333333325,4178.275,2501.003576740878,0.5639144800992989,-0.06410611989548254,566.179914893617,0.33908024725318503,151,0.23841059602649006,36,6,1,1,31,25,148.96,4.4,129913.5,262.0
BELGARD_BARBERS_001,2026-02-01,27454.25,52.0,7,3922.035714285714,50432.15000000001,100.0,14,3602.2964285714293,139716.27,247.0,30,4657.209,284849.0,499.0,60,4747.483333333334,421875.47,767.0,90,4687.505222222222,4949.425,2338.5313382083064,0.502131499404108,-0.006463186873605142,565.652914979757,0.37452653151991533,156,0.23076923076923078,36,6,2,1,28,1,149.2,4.3,136079.66999999998,288.0
BELGARD_BARBERS_001,2026-02-08,34769.600000000006,73.0,7,4967.085714285715,62223.850000000006,125.0,14,4444.560714285714,127130.09999999999,244.0,30,4237.67,272263.35,500.0,60,4537.7225,422817.77,768.0,90,4697.975222222222,4402.175,1978.195914362377,0.46681216667706,-0.0979794912593196,521.025,0.4049434398305359,165,0.1696969696969697,28,6,2,1,28,8,149.2,4.3,115932.52,249.0
BELGARD_BARBERS_001,2026-02-15,24567.45,54.0,7,3509.6357142857146,59337.04999999999,127.0,14,4238.360714285714,120063.1,243.0,30,4002.1033333333335,256996.13000000006,486.0,60,4283.268833333334,416500.5000000001,762.0,90,4627.783333333335,3580.2,1935.673187719341,0.4836639702921233,-0.1352007980782738,494.0868312757202,0.43207363461379883,158,0.22151898734177214,35,6,2,1,28,15,149.2,4.3,121009.97,263.0
BELGARD_BARBERS_001,2026-02-22,34068.95,63.0,7,4866.992857142856,58636.40000000001,117.0,14,4188.314285714287,129117.34999999999,263.0,30,4303.911666666666,256000.97999999995,482.0,60,4266.682999999999,426594.3,771.0,90,4739.9366666666665,4402.175,1978.903841511058,0.4597919276172548,-0.09198962574042846,490.9404942965779,0.4198858635187293,171,0.23976608187134502,41,6,2,1,28,22,149.2,4.3,120263.37,258.0
BELGARD_BARBERS_001,2026-03-01,34565.47,79.0,7,4937.924285714286,68634.42,142.0,14,4902.458571428571,139260.97,291.0,30,4642.032333333334,276042.63,533.0,60,4600.7105,421374.27,779.0,90,4681.936333333333,4898.325000000001,2047.3157685168862,0.44103867045810885,-0.008522969378267797,478.5600343642612,0.44000088466998327,179,0.26256983240223464,47,6,3,1,31,1,150.0,4.4,126536.51000000001,253.0
BELGARD_BARBERS_001,2026-03-08,16266.400000000001,39.0,7,2323.7714285714287,50831.869999999995,118.0,14,3630.847857142857,121159.97,262.0,30,4038.6656666666668,250871.37000000002,502.0,60,4181.1895,389593.67000000004,749.0,90,4328.818555555556,3629.925,2109.0035899174177,0.5222030650677986,-0.06702819375889757,462.44263358778625,0.43472856587864783,164,0.25,41,6,3,1,31,8,150.0,4.4,151003.58000000002,292.0
BELGARD_BARBERS_001,2026-03-15,30737.750000000004,69.0,7,4391.107142857143,47004.15,108.0,14,3357.4392857142857,125982.47,273.0,30,4199.415666666667,247242.82000000004,511.0,60,4120.713666666667,379795.0999999999,751.0,90,4219.945555555555,4128.825,1967.848461971743,0.4686005430688277,-0.00486496534578762,461.4742490842491,0.41212995744566683,166,0.28313253012048195,47,6,3,1,31,15,150.0,4.4,160454.08000000002,304.0
BELGARD_BARBERS_001,2026-03-22,29642.7,52.0,7,4234.671428571429,60380.45,121.0,14,4312.8892857142855,123844.67,261.0,30,4128.155666666667,247688.97,516.0,60,4128.1495,379548.39999999997,743.0,90,4217.204444444444,4079.1,2056.0106396444603,0.4980458116553083,-0.021115594216705835,474.50065134099617,0.43932855568188767,153,0.30718954248366015,47,6,3,1,31,22,150.0,4.4,154387.55000000002,300.0
BELGARD_BARBERS_001,2026-03-29,36561.159999999996,72.0,7,5223.022857142857,66203.86,124.0,14,4728.847142857143,128525.50999999998,268.0,30,4284.183666666666,262366.18,539.0,60,4372.769666666666,396314.61,778.0,90,4403.495666666667,4525.525,2135.510303491078,0.4984637610442655,-0.02709483760893916,479.5727985074626,0.4178948599387002,161,0.3105590062111801,50,6,3,1,31,29,150.0,4.4,153439.94,309.0
BELGARD_BARBERS_001,2026-04-05,46399.47,79.0,7,6628.495714285715,82960.63,151.0,14,5925.759285714286,146027.33,279.0,30,4867.577666666666,276240.55,560.0,60,4604.009166666667,403514.32,788.0,90,4483.492444444444,4674.7,2448.384933739904,0.5029986373934053,0.08566652603555669,523.3954480286737,0.3173970927223007,169,0.27218934911242604,46,6,4,2,30,5,152.15,5.6,144015.40000000002,296.0
BELGARD_BARBERS_001,2026-04-12,38203.0,81.0,7,5457.571428571428,84602.47,160.0,14,6043.033571428571,161747.48000000004,309.0,30,5391.582666666668,284446.44999999995,571.0,60,4740.774166666666,405707.89999999997,809.0,90,4507.865555555555,5023.325,2519.7593789644984,0.4673505971711889,0.19603892357038188,523.4546278317154,0.381252925857021,177,0.2937853107344633,52,6,4,2,30,12,152.15,5.6,141679.5,281.0
BELGARD_BARBERS_001,2026-04-19,26160.769999999997,52.0,7,3737.2528571428566,64363.77,133.0,14,4597.4121428571425,160155.65000000002,301.0,30,5338.521666666667,281512.9699999999,562.0,60,4691.882833333332,400484.22,809.0,90,4449.824666666666,4873.05,2451.39538663334,0.4591899292906631,0.1997150599341968,532.0785714285715,0.3732406568235338,180,0.28888888888888886,52,6,4,2,30,19,152.15,5.6,180665.06999999998,288.0
BELGARD_BARBERS_001,2026-04-26,29250.95,69.0,7,4178.707142857143,55411.719999999994,121.0,14,3957.9799999999996,151948.19,305.0,30,5064.939666666667,276645.97000000003,567.0,60,4610.766166666667,407254.52,830.0,90,4525.050222222222,4873.05,2517.2743212258815,0.4969998631558325,0.11931126019178384,498.1907868852459,0.3796856678582351,182,0.2692307692307692,49,6,4,2,30,26,152.15,5.6,186023.82000000004,289.0
BELGARD_BARBERS_001,2026-05-03,36774.93,71.0,7,5253.561428571428,66025.88,140.0,14,4716.134285714286,138345.65,284.0,30,4611.5216666666665,280198.28,561.0,60,4669.971333333334,410608.2,840.0,90,4562.3133333333335,4711.4400000000005,2074.5566507908516,0.4498637978405938,0.010785829411102732,487.1325704225352,0.3945612312349539,172,0.2616279069767442,45,6,5,2,31,3,154.56,6.7,182174.54,284.0
BELGARD_BARBERS_001,2026-05-10,41725.6,73.0,7,5960.8,78500.53,144.0,14,5607.180714285714,151916.55,297.0,30,5063.884999999999,305709.12999999995,596.0,60,5095.152166666666,422934.49999999994,847.0,90,4699.272222222222,4924.425,2169.1623785657453,0.4283593285719849,0.07758920116471923,511.5035353535353,0.37601321251700365,184,0.2608695652173913,48,6,5,2,31,10,154.56,6.7,171485.86000000004,275.0
BELGARD_BARBERS_001,2026-05-17,67443.84,67.0,7,9634.834285714285,109169.43999999999,140.0,14,7797.817142857142,184246.37,297.0,30,6141.545666666667,345498.17,600.0,60,5758.302833333333,465363.63999999996,862.0,90,5170.707111111111,4948.1849999999995,6006.87557928173,0.9780722810357235,0.18775740622967452,620.3581481481482,0.27628359788038165,189,0.2275132275132275,43,6,5,2,31,17,154.56,6.7,154667.56999999998,276.0
BELGARD_BARBERS_001,2026-05-24,33615.200000000004,66.0,6,4802.171428571429,101059.03999999998,133.0,13,7218.502857142856,190306.77000000002,303.0,29,6343.559,344687.0800000001,604.0,59,5744.784666666668,463167.0400000001,859.0,89,5146.300444444446,5469.75,5976.423789879891,0.9421247268102797,0.23264451201018077,628.0751485148515,0.26852460372271564,196,0.2602040816326531,51,6,5,2,31,24,154.56,6.7,150593.97000000003,270.0
BELGARD_BARBERS_001,2026-05-31,26758.65,56.0,7,3822.664285714286,60373.850000000006,122.0,13,4312.417857142857,178370.57,280.0,29,5945.685666666667,328329.76,584.0,59,5472.162666666667,454515.17000000004,835.0,89,5050.168555555556,4900.110000000001,6072.179836633454,1.0212749507892676,0.17732420240230917,637.0377500000001,0.28647522963008976,178,0.2696629213483146,48,6,5,2,31,31,154.56,6.7,163275.77,296.0
BELGARD_BARBERS_001,2026-06-07,39390.72,77.0,7,5627.245714285715,66149.37,133.0,14,4724.955,177701.21000000005,288.0,29,5923.373666666668,329669.96,586.0,59,5494.499333333334,478686.74000000005,876.0,89,5318.741555555556,5270.85,6026.454919386401,1.0174024565257151,0.11367954332722907,617.0180902777779,0.3100987325860076,188,0.23404255319148937,44,6,6,2,30,7,154.91,6.4,169391.67,307.0
BELGARD_BARBERS_001,2026-06-14,47045.35,63.0,7,6720.7642857142855,86436.06999999999,140.0,14,6174.004999999999,158595.84,283.0,29,5286.528,337124.86,570.0,59,5618.747666666666,495589.94000000006,870.0,89,5506.55488888889,5270.85,3266.2474926041145,0.6178436002994998,-0.03995726789773024,560.4093286219081,0.3521736131288185,188,0.22340425531914893,42,6,6,2,30,14,154.91,6.4,163026.32000000004,323.0
BELGARD_BARBERS_001,2026-06-21,25166.9,53.0,7,3595.2714285714287,72212.25,116.0,14,5158.017857142857,147610.47000000003,270.0,30,4920.349000000001,339212.83999999997,576.0,59,5653.547333333333,489920.74,870.0,89,5443.563777777777,3831.3,3198.3164268662244,0.6500182053887282,-0.09611622075848403,546.7054444444445,0.35177044013205827,179,0.18994413407821228,34,6,6,2,30,21,154.91,6.4,171681.22000000006,340.0
BELGARD_BARBERS_001,2026-06-28,40480.0,81.0,7,5782.857142857143,65646.9,134.0,14,4689.064285714286,162826.87,295.0,30,5427.562333333333,342586.44,572.0,59,5709.774,494136.82999999996,878.0,89,5490.409222222222,5022.225,3348.208303846187,0.6168898850379277,-0.011446667515149445,551.9554915254237,0.3677756011645989,184,0.2391304347826087,44,6,6,2,30,28,154.91,6.4,179540.52000000002,340.0
BELGARD_BARBERS_001,2026-07-05,46204.7,87.0,7,6600.671428571428,86684.7,168.0,14,6191.7642857142855,171730.40000000002,314.0,30,5724.346666666667,350723.36,594.0,59,5845.3893333333335,492349.31,881.0,89,5470.547888888889,5669.75,3316.9579851357107,0.5794474336172938,0.04639366713035509,546.9121019108281,0.3846060452895934,190,0.25263157894736843,48,6,7,3,31,5,155.2,6.5,177746.84000000003,337.0
BELGARD_BARBERS_001,2026-07-12,39040.72,80.0,7,5577.245714285715,85245.42,167.0,14,6088.958571428571,162133.47000000003,327.0,30,5404.449000000001,320330.4100000001,602.0,59,5338.840166666668,494682.52999999997,887.0,89,5496.472555555555,5668.925,2025.9837552727317,0.3748733229368491,-0.01674229328454313,495.821009174312,0.4110348097774012,199,0.2613065326633166,52,6,7,3,31,12,155.2,6.5,180474.66999999998,328.0
BELGARD_BARBERS_001,2026-07-19,37002.0,73.0,7,5286.0,76042.72000000002,153.0,14,5431.622857142858,170585.07000000004,338.0,30,5686.169000000001,322571.34,615.0,60,5376.189,504927.05999999994,906.0,89,5610.300666666666,5795.575000000001,1965.768951751197,0.3457106096831094,0.013523042318231315,504.68955621301785,0.39239981552899084,211,0.20853080568720378,44,6,7,3,31,19,155.2,6.5,186953.03999999995,328.0
BELGARD_BARBERS_001,2026-07-26,44660.75,80.0,7,6380.107142857143,81662.75,153.0,14,5833.053571428572,184115.77000000002,353.0,30,6137.192333333334,335604.79000000004,630.0,60,5593.413166666667,519342.36,915.0,89,5770.470666666666,6043.65,2258.110966804899,0.36793876485510696,0.0635514306978544,521.5744192634561,0.4327013921729789,214,0.24766355140186916,53,6,7,3,31,26,155.2,6.5,187655.38999999996,339.0
BELGARD_BARBERS_001,2026-08-02,47695.07,89.0,7,6813.581428571429,92355.82,169.0,14,6596.844285714286,185307.24,352.0,30,6176.907999999999,351568.71,656.0,60,5859.4785,531257.0,933.0,89,5902.855555555556,6290.485000000001,2280.8122082120954,0.36924820771364825,0.046427096490022635,526.4410227272728,0.4283003189729663,216,0.25,54,6,8,3,31,2,155.85,6.6,184223.42,334.0
BELGARD_BARBERS_001,2026-08-09,42121.25,64.0,7,6017.321428571428,89816.32,153.0,14,6415.4514285714295,184906.47,333.0,30,6163.549,363447.54,657.0,60,6057.459,532240.3,928.0,89,5913.781111111111,5719.475,2462.5244666389954,0.39953028143996183,0.042234889015356325,555.2746846846846,0.41434758881071065,202,0.25742574257425743,52,6,8,3,31,9,155.85,6.6,184282.32,356.0
BELGARD_BARBERS_001,2026-08-16,43294.670000000006,77.0,7,6184.952857142858,85415.92,141.0,14,6101.137142857143,189307.93999999997,333.0,30,6310.264666666666,354725.4600000001,664.0,60,5912.091000000001,512475.98000000004,946.0,90,5694.177555555556,5470.85,3078.2612523378984,0.48781808924727066,0.1081959782778501,568.4923123123123,0.38329137171953803,216,0.22685185185185186,49,6,8,3,31,16,155.85,6.6,184737.55,355.0
BELGARD_BARBERS_001,2026-08-23,36038.399999999994,71.0,7,5148.342857142857,79333.07,148.0,14,5666.647857142858,189736.63999999998,332.0,30,6324.554666666666,361321.70999999996,674.0,60,6022.028499999999,511915.68,944.0,90,5687.952,5089.55,3318.6304963350294,0.5247216082779315,0.11192124452995844,571.4959036144578,0.4105269282727891,220,0.2409090909090909,53,6,8,3,31,23,155.85,6.6,191389.7,359.0
BELGARD_BARBERS_001,2026-08-30,52094.4,103.0,7,7442.057142857143,88132.79999999999,174.0,14,6295.199999999999,190456.32,350.0,30,6348.544,370792.16000000003,691.0,60,6179.869333333334,533371.78,987.0,90,5926.3531111111115,5089.55,3301.420649151513,0.5200280015624863,0.0712395770169918,544.1609142857143,0.3868459182661935,226,0.2831858407079646,64,6,8,3,31,30,155.85,6.6,189553.94999999998,338.0
