month,revenue_kes,transaction_count,active_days,avg_daily_revenue_kes,median_daily_revenue_kes,max_daily_revenue_kes,cpi,headline_inflation_yoy_pct,source,avg_transaction_kes,revenue_per_active_day_kes
2024-01,125069.26,244.0,31,4034.492258064516,4176.9,8457.65,138.15,6.9,KNBS Consumer Price Index / Inflation reports; 2026 Economic Survey,512.5789344262295,4034.492258064516
2024-02,115122.52,241.0,29,3969.7420689655173,3384.6,8256.550000000001,138.34,6.3,KNBS Consumer Price Index / Inflation reports; 2026 Economic Survey,477.6868049792531,3969.7420689655173
2024-03,116630.84,254.0,31,3762.2851612903223,3780.2000000000003,8753.800000000001,138.66,5.7,KNBS Consumer Price Index / Inflation reports; 2026 Economic Survey,459.17653543307085,3762.2851612903223
2024-04,96895.64,201.0,29,3229.8546666666666,2935.9750000000004,8455.45,138.4,5.0,KNBS Consumer Price Index / Inflation reports; 2026 Economic Survey,482.0678606965174,3341.2289655172412
2024-05,115062.65,236.0,30,3711.698387096774,3480.7400000000002,8358.2,139.64,5.0,KNBS Consumer Price Index / Inflation reports; 2026 Economic Survey,487.55360169491524,3835.4216666666666
2024-06,118588.39,259.0,30,3952.9463333333333,3781.3,7260.95,140.23,4.6,KNBS Consumer Price Index / Inflation reports; 2026 Economic Survey,457.87023166023164,3952.9463333333333
2024-07,96548.11,216.0,30,3114.4551612903224,2686.25,6665.35,139.94,4.3,KNBS Consumer Price Index / Inflation reports; 2026 Economic Survey,446.98199074074074,3218.2703333333334
2024-08,96632.54000000001,238.0,30,3117.1787096774196,3183.5,5968.1,139.87,4.4,KNBS Consumer Price Index / Inflation reports; 2026 Economic Survey,406.01907563025213,3221.084666666667
2024-09,94516.53,218.0,30,3150.551,3184.05,5669.75,140.13,3.6,KNBS Consumer Price Index / Inflation reports; 2026 Economic Survey,433.56206422018346,3150.551
2024-10,97734.71,230.0,31,3152.7325806451613,3265.7,6664.25,140.44,2.7,KNBS Consumer Price Index / Inflation reports; 2026 Economic Survey,424.93352173913047,3152.7325806451613
2024-11,93523.69,222.0,30,3117.4563333333335,2884.6000000000004,5868.650000000001,140.81,2.8,KNBS Consumer Price Index / Inflation reports; 2026 Economic Survey,421.2778828828829,3117.4563333333335
2024-12,91960.83,195.0,29,2966.4783870967744,2886.25,6567.0,141.66,3.0,KNBS Consumer Price Index / Inflation reports; 2026 Economic Survey,471.594,3171.063103448276
2025-01,72138.65,175.0,30,2327.0532258064513,1990.1,7163.7,142.68,3.3,KNBS Consumer Price Index / Inflation reports; 2026 Economic Survey,412.2208571428571,2404.6216666666664
2025-02,83124.57,187.0,28,2968.734642857143,3084.05,5475.25,143.12,3.5,KNBS Consumer Price Index / Inflation reports; 2026 Economic Survey,444.5164171122995,2968.734642857143
2025-03,86509.98,190.0,31,2790.644516129032,2685.15,5073.05,143.69,3.6,KNBS Consumer Price Index / Inflation reports; 2026 Economic Survey,455.3156842105263,2790.644516129032
2025-04,80878.15,191.0,30,2695.938333333333,2288.45,6066.45,144.09,4.1,KNBS Consumer Price Index / Inflation reports; 2026 Economic Survey,423.4458115183246,2695.938333333333
2025-05,122510.06,257.0,31,3951.9374193548388,3679.65,7459.84,144.88,3.8,KNBS Consumer Price Index / Inflation reports; 2026 Economic Survey,476.69284046692604,3951.9374193548388
2025-06,117948.66,251.0,27,3931.6220000000003,3779.65,9153.8,145.58,3.8,KNBS Consumer Price Index / Inflation reports; 2026 Economic Survey,469.9149800796813,4368.468888888889
2025-07,73414.16,156.0,19,2368.1987096774196,1990.65,8505.17,145.74,4.1,KNBS Consumer Price Index / Inflation reports; 2026 Economic Survey,470.6035897435898,3863.903157894737
2025-08,127782.84,272.0,31,4122.0270967741935,4080.75,7063.15,146.21,4.5,KNBS Consumer Price Index / Inflation reports; 2026 Economic Survey,469.78985294117643,4122.0270967741935
2025-09,137615.19,277.0,30,4587.173,4226.625,9947.2,146.56,4.6,KNBS Consumer Price Index / Inflation reports; 2026 Economic Survey,496.8057400722022,4587.173
2025-10,139648.41,268.0,31,4504.787419354839,4574.7,9151.6,146.84,4.6,KNBS Consumer Price Index / Inflation reports; 2026 Economic Survey,521.0761567164179,4504.787419354839
2025-11,132949.02,266.0,30,4431.634,4400.66,8554.9,147.08,4.5,KNBS Consumer Price Index / Inflation reports; 2026 Economic Survey,499.8083458646616,4431.634
2025-12,152791.49,263.0,31,4928.757741935484,5421.95,11240.05,148.02,4.5,KNBS Consumer Price Index / Inflation reports; 2026 Economic Survey,580.9562357414449,4928.757741935484
2026-01,141705.26,252.0,31,4571.137419354839,4923.6,11242.25,148.96,4.4,KNBS Consumer Price Index / Inflation reports; 2026 Economic Survey,562.3224603174604,4571.137419354839
2026-02,127276.42,264.0,28,4545.586428571429,4550.8,8256.55,149.2,4.3,KNBS Consumer Price Index / Inflation reports; 2026 Economic Survey,482.10765151515153,4545.586428571429
2026-03,133597.46,270.0,31,4309.595483870968,4475.25,9049.95,150.0,4.4,KNBS Consumer Price Index / Inflation reports; 2026 Economic Survey,494.80540740740736,4309.595483870968
2026-04,148268.54,304.0,30,4942.284666666667,4873.05,10545.0,152.15,5.6,KNBS Consumer Price Index / Inflation reports; 2026 Economic Survey,487.7254605263158,4942.284666666667
2026-05,184735.37,289.0,30,5959.205483870967,4923.87,37048.42,154.56,6.7,KNBS Consumer Price Index / Inflation reports; 2026 Economic Survey,639.2227335640139,6157.845666666666
2026-06,163275.77,296.0,30,5442.525666666666,5172.225,17503.2,154.91,6.4,KNBS Consumer Price Index / Inflation reports; 2026 Economic Survey,551.607331081081,5442.525666666666
2026-07,186502.84,352.0,31,6016.22064516129,6167.0,13724.1,155.2,6.5,KNBS Consumer Price Index / Inflation reports; 2026 Economic Survey,529.8376136363636,6016.22064516129
2026-08,196242.57,360.0,31,6330.405483870968,5095.05,16645.82,155.85,6.6,KNBS Consumer Price Index / Inflation reports; 2026 Economic Survey,545.11825,6330.405483870968
2026-09,187851.75,334.0,30,6261.725,6164.0,11276.9,156.47,6.8,KNBS Consumer Price Index / Inflation reports; 2026 Economic Survey,562.4303892215569,6261.725
