feature,impurity_importance,permutation_importance_mean,permutation_importance_std
unique_customers_30d,0.09953310385900245,2552.332209629755,1558.7539198511931
weekly_revenue_std_excl_4,0.057175578113624365,1431.6190579045146,458.17641517335056
cv_daily_revenue_30d,0.053872798217543094,1342.2005781228531,374.20579517901217
repeat_customers_30d,0.02093265658912248,894.15376507103,353.0067517591645
weekly_revenue_std_4,0.017169036985004507,580.0507891031064,152.7004745812744
tx_count_30d,0.024139667298360565,516.0515883260741,310.818676411244
revenue_7d_per_30d,0.02837050823141456,253.873266434777,178.52474493249017
weekly_revenue_std_8,0.04994381266405162,236.86950948715057,367.7550364604603
momentum_ratio_4,0.023569060158303585,144.6257530019997,137.04964048500185
std_daily_revenue_30d,0.007428948779304012,136.89805989274828,106.54978158978616
avg_daily_revenue_7d,0.0038754242283713506,127.0389271965294,46.907650292735354
revenue_7d,0.003172300969526853,122.35507998335761,46.89361080654306
repeat_customer_rate_30d,0.012373008831794532,90.50552795081676,103.30096972002424
avg_transaction_30d,0.015786519207690895,70.58058425554518,55.28432354562657
tx_count_14d,0.0046586710134318655,64.38322033224286,63.724040498422085
revenue_7d_lag2,0.009544636323140163,45.55502691819547,186.50254290266417
weekly_revenue_min_4,0.021095134906362986,45.55319153551973,34.59407842240188
weekly_revenue_slope_8,0.010642508533421755,36.637611993079005,69.74742179466061
weekly_revenue_max_4,0.014167083959852361,29.34980583226916,79.92629315888597
tx_count_7d,0.0020172715829572968,26.49214054080876,14.692410697222195
revenue_7d_lag1,0.004729181245297034,20.6851261069889,24.30487203031029
revenue_7d_lag7,0.006828181984993473,9.903199560117354,16.30646633381594
revenue_7d_lag4,0.006411145141400876,8.744058336328816,27.681862228463654
active_days_90d,0.0025877117075307327,8.11443467679219,21.584853764054134
avg_daily_revenue_30d,0.017787285206482987,6.310088658305721,41.62850037777409
revenue_7d_lag6,0.001987947066463418,4.46242547662896,7.771060096366418
revenue_30d_per_60d,0.006153366513854278,3.66498236108946,10.875381564054885
days_in_month,0.0006327278040069321,2.895911207269819,8.588546041464777
active_days_60d,0.005202475738171274,2.1661731785752636,1.564523365224952
weekly_revenue_mean_8,0.013674715019495812,2.0428138277631662,1.4929570456210304
revenue_30d,0.014752430069995248,1.3220210600909923,19.82540683964894
headline_inflation_yoy_pct,0.0018743400442716833,0.6252849701713785,8.604149880808231
revenue_90d,0.002257147075080444,-4.547473508864641e-12,5.737751160481822e-12
avg_daily_revenue_60d,0.004994351861237306,-4.729372449219227e-12,4.4704232013626125e-12
avg_daily_revenue_90d,0.0026451647309296963,-4.911271389573813e-12,6.1173238357879145e-12
cpi,0.020831276662762594,-5.093170329928398e-12,4.514612972703929e-12
revenue_90d_per_30d,0.0033900890782533246,-0.24649386529035838,0.628460542360456
revenue_60d,0.004889663632730643,-0.2963474552880143,6.515311977530862
weekly_revenue_mean_4,0.015493036902101215,-0.5739179612190128,0.8472017709292922
active_days_30d,0.05810409723732025,-1.1050963716525075,2.405170013399345
weekly_revenue_mean_excl_4,0.056734864122151535,-1.8192586614117316,4.326038760045642
active_days_14d,0.0020703758495958548,-4.906545216353334,2.3079420565835163
weekly_revenue_min_8,0.034960141807522424,-9.941313076325605,3.9730547175441875
active_days_7d,0.0010333910109481671,-10.828673670439638,8.142750440853384
tx_count_90d,0.00634269730397713,-13.479456170925369,15.977598695748274
month_num,0.01106329718997882,-13.508552914910979,48.799945947187766
revenue_14d,0.0015924317609088024,-14.922023460691525,10.73210940894678
tx_count_60d,0.008620077339421451,-16.606893201213097,8.425646821580258
day_of_month,0.003081969945230386,-21.007523134209077,20.637003496457424
revenue_7d_lag8,0.004464021818118818,-29.56625615894245,60.20224377629986
weekly_revenue_max_8,0.007641188406014995,-31.2424789788678,58.721340151039655
avg_daily_revenue_14d,0.0036188916232315032,-32.35268862540634,20.857304370188913
median_daily_revenue_30d,0.09037391177590269,-33.75119341407935,35.914523905182094
revenue_30d_per_90d,0.022901631421669656,-41.85194005004068,57.9968349881139
revenue_trend_30_vs_90,0.027126511042632747,-47.26497684439291,44.26001604640012
revenue_7d_lag5,0.00411416608210533,-51.55588989616317,33.273572561520645
revenue_7d_lag3,0.02821173449342695,-54.7115947159913,104.03876640412706
weekend_revenue_share_30d,0.00859842948999117,-84.39305936620931,52.5861437280514
quarter,0.0027562023425110613,-330.9922514703614,103.25467632881139
