model,formulation,mae_kes,rmse_kes,r2,smape_pct,mape_pct,bias_kes,n_folds,n_predictions
linear,A_direct,58434.80445176968,75346.95838091464,-7.369226436097195,67.84039405189634,42.59716939866443,-33047.062610208406,8,62
linear,B_growth_30d,66252.15912849962,78743.37054140728,-8.140750785339357,74.76420265426202,48.00009448053101,-33119.53588253387,8,62
linear,C_growth_90d,69877.32324840747,85950.97344124365,-9.89069177338436,76.28177332334839,50.29788130909299,-30150.705419156813,8,62
random_forest,A_direct,30835.63189174296,36259.86196591208,-0.938233789969898,23.76116756471894,20.74380705021909,-27711.87918668688,8,62
random_forest,B_growth_30d,32950.32417229077,38538.61840169615,-1.1895060525845471,25.515287665324433,22.339501419878886,-26939.254776767106,8,62
random_forest,C_growth_90d,25461.51447739692,30767.14197108224,-0.3954946588694439,19.130165864688482,17.554190929028206,-19067.05359565664,8,62
hist_gradient_boosting,A_direct,36347.266504686704,44228.63259428449,-1.8837718141833912,29.783555875258138,24.362877574783415,-34747.00162164767,8,62
hist_gradient_boosting,B_growth_30d,35160.51172087767,40988.43076625283,-1.4767173760184646,27.821248082091955,23.82758967422099,-32161.13070168219,8,62
hist_gradient_boosting,C_growth_90d,31290.79515895288,38790.89153130944,-1.218264810191831,24.87642601007945,21.391297940380277,-26763.434518042024,8,62
naive_30d,baseline,17901.873225806463,23795.279258015085,0.16529026324130314,13.880064886798477,13.240252053453883,-5695.443225806456,8,62
naive_60d,baseline,17668.571693548394,22443.295234102294,0.25744758899698283,13.278455578405648,12.926065410852205,-8032.195887096775,8,62
drift_30d,baseline,32119.841935483888,41720.572705334554,-1.5659866372923328,27.793564637087908,23.738778256328164,-424.8296774193582,8,62
drift_90d,baseline,51923.133924731184,56536.0466076827,-3.711994124106014,45.51466656203241,35.34029870587899,-51406.38026881721,8,62
naive_7d_x4,baseline,28651.810276497697,39420.754438405806,-1.2908873321560779,22.862359156210342,20.066363593217943,-5479.322350230417,8,62
